PlotID,logID,treatment,clade,dowel,drymass_start,expo_days,drymass_end,Biome,expoyrs
ARG_Chaco,1922,closed,angio,0,0.126828147,459,0.06653,Tropical,1.257534247
ARG_Chaco,1923,closed,angio,0,0.13079074,459,0.07782,Tropical,1.257534247
ARG_Chaco,1924,closed,angio,0,0.102013271,459,0.06905,Tropical,1.257534247
ARG_Chaco,1929,closed,angio,0,0.141636722,1203,0.0156,Tropical,3.295890411
ARG_Chaco,1932,open,angio,0,0.103399355,459,0.0714,Tropical,1.257534247
ARG_Chaco,1949,closed,angio,0,0.252265157,459,0.21232,Tropical,1.257534247
ARG_Chaco,1950,closed,angio,0,0.221631278,459,0.18537,Tropical,1.257534247
ARG_Chaco,1951,closed,angio,0,0.191680162,459,0.11948,Tropical,1.257534247
ARG_Chaco,1953,open,angio,0,0.270612633,1203,0.0519,Tropical,3.295890411
ARG_Chaco,1954,open,angio,0,0.135157814,1203,0.0915,Tropical,3.295890411
ARG_Chaco,1955,closed,angio,0,0.208138769,1203,0.0557,Tropical,3.295890411
ARG_Chaco,1959,open,angio,0,0.2468246,459,0.20817,Tropical,1.257534247
ARG_Chaco,1960,open,angio,0,0.279534428,459,0.23025,Tropical,1.257534247
ARG_Chaco,1976,closed,angio,0,0.143437913,459,0.10301,Tropical,1.257534247
ARG_Chaco,1977,closed,angio,0,0.199465343,459,0.12955,Tropical,1.257534247
ARG_Chaco,1978,closed,angio,0,0.168097657,459,0.10882,Tropical,1.257534247
ARG_Chaco,1982,closed,angio,0,0.196973004,1203,0.0532,Tropical,3.295890411
ARG_Chaco,1983,closed,angio,0,0.1607988,1203,0.1299,Tropical,3.295890411
ARG_Chaco,1984,closed,angio,0,0.160541638,1203,0.0411,Tropical,3.295890411
ARG_Chaco,1985,open,angio,0,0.15731076,459,0.13371,Tropical,1.257534247
ARG_Chaco,1986,open,angio,0,0.189665623,459,0.12279,Tropical,1.257534247
ARG_Chaco,1987,open,angio,0,0.213312169,459,0.14701,Tropical,1.257534247
ARG_Tucuman,1,closed,angio,0,0.339707276,1140,0.059,Tropical,3.123287671
ARG_Tucuman,10,open,angio,0,0.432974564,775,0.385,Tropical,2.123287671
ARG_Tucuman,11,closed,angio,0,0.279480685,405,0.21,Tropical,1.109589041
ARG_Tucuman,12,closed,angio,0,0.205932229,405,0.11,Tropical,1.109589041
ARG_Tucuman,13,closed,angio,0,0.339886164,405,0.275,Tropical,1.109589041
ARG_Tucuman,16,closed,angio,0,0.179389336,775,0.04,Tropical,2.123287671
ARG_Tucuman,17,open,angio,0,0.279883861,1140,0.02,Tropical,3.123287671
ARG_Tucuman,18,closed,angio,0,0.227260666,775,0.08,Tropical,2.123287671
ARG_Tucuman,19,closed,angio,0,0.208772639,775,0.04,Tropical,2.123287671
ARG_Tucuman,2,closed,angio,0,0.288330691,1140,0.045,Tropical,3.123287671
ARG_Tucuman,20,open,angio,0,0.329580661,367,0.155,Tropical,1.005479452
ARG_Tucuman,21,open,angio,0,0.234264966,367,0.15,Tropical,1.005479452
ARG_Tucuman,22,open,angio,0,0.21597129,367,0.13,Tropical,1.005479452
ARG_Tucuman,27,closed,angio,0,0.188935478,1140,0.055,Tropical,3.123287671
ARG_Tucuman,6440,open,angio,0,0.250715575,405,0.1,Tropical,1.109589041
ARG_Tucuman,6441,open,angio,0,0.402014036,405,0.215,Tropical,1.109589041
ARG_Tucuman,6442,open,angio,0,0.253470532,1140,0.03,Tropical,3.123287671
ARG_Tucuman,6443,open,angio,0,0.396802326,1140,0.015,Tropical,3.123287671
ARG_Tucuman,6444,closed,angio,0,0.183320079,1140,0.03,Tropical,3.123287671
ARG_Tucuman,6446,closed,angio,0,0.207558093,1140,0.045,Tropical,3.123287671
ARG_Tucuman,6447,closed,angio,0,0.188357713,405,0.065,Tropical,1.109589041
ARG_Tucuman,6449,closed,angio,0,0.376543928,775,0.12,Tropical,2.123287671
ARG_Tucuman,6450,closed,angio,0,0.347368463,1140,0.06,Tropical,3.123287671
ARG_Tucuman,6451,closed,angio,0,0.179137983,405,0.09,Tropical,1.109589041
ARG_Tucuman,6452,closed,angio,0,0.308450204,405,0.14,Tropical,1.109589041
ARG_Tucuman,6453,closed,angio,0,0.214469532,775,0.075,Tropical,2.123287671
ARG_Tucuman,6454,closed,angio,0,0.219183104,775,0.065,Tropical,2.123287671
ARG_Tucuman,6455,open,angio,0,0.225258088,775,0.11,Tropical,2.123287671
ARG_Tucuman,6458,open,angio,0,0.417748538,775,0.19,Tropical,2.123287671
ARG_Tucuman,6459,open,angio,0,0.330204135,775,0.185,Tropical,2.123287671
ARG_Tucuman,6461,open,angio,0,0.211623205,405,0.13,Tropical,1.109589041
ARG_Tucuman,6462,closed,angio,0,0.31294488,405,0.18,Tropical,1.109589041
ARG_Tucuman,6463,closed,angio,0,0.218838876,405,0.105,Tropical,1.109589041
ARG_Tucuman,6464,closed,angio,0,0.295330728,1140,0.1,Tropical,3.123287671
ARG_Tucuman,6465,closed,angio,0,0.477117341,1140,0.16,Tropical,3.123287671
ARG_Tucuman,6466,open,angio,0,0.312458733,1140,0.15,Tropical,3.123287671
ARG_Tucuman,6473,open,angio,0,0.151448549,405,0.1,Tropical,1.109589041
ARG_Tucuman,6474,closed,angio,0,0.372334365,775,0.12,Tropical,2.123287671
ARG_Tucuman,6475,closed,angio,0,0.479988459,405,0.22,Tropical,1.109589041
ARG_Tucuman,6476,closed,angio,0,0.335724005,1140,0.12,Tropical,3.123287671
ARG_Tucuman,6477,closed,angio,0,0.297442175,775,0.12,Tropical,2.123287671
ARG_Tucuman,6478,closed,angio,0,0.298922315,775,0.14,Tropical,2.123287671
ARG_Tucuman,6479,open,angio,0,0.36252048,1140,0.13,Tropical,3.123287671
ARG_Tucuman,6481,open,angio,0,0.38728234,367,0.215,Tropical,1.005479452
ARG_Tucuman,6487,open,angio,0,0.582894687,367,0.28,Tropical,1.005479452
ARG_Tucuman,6490,open,angio,0,0.355105781,775,0.17,Tropical,2.123287671
ARG_Tucuman,6491,open,angio,0,0.6839876,775,0.19,Tropical,2.123287671
ARG_Tucuman,6492,open,angio,0,0.393665992,775,0.2,Tropical,2.123287671
ARG_Tucuman,6495,closed,angio,0,0.341567226,775,0.16,Tropical,2.123287671
ARG_Tucuman,6496,closed,angio,0,0.330283644,775,0.29,Tropical,2.123287671
ARG_Tucuman,6497,closed,angio,0,0.271558655,775,0.145,Tropical,2.123287671
ARG_Tucuman,6498,open,angio,0,0.295184402,1140,0.09,Tropical,3.123287671
ARG_Tucuman,6499,open,angio,0,0.31136464,1140,0.155,Tropical,3.123287671
ARG_Tucuman,6500,closed,angio,0,0.253648313,1140,0.115,Tropical,3.123287671
ARG_Tucuman,6501,closed,angio,0,0.242436681,1140,0.085,Tropical,3.123287671
ARG_Tucuman,6502,closed,angio,0,0.28272893,1140,0.09,Tropical,3.123287671
ARG_Tucuman,6503,closed,angio,0,0.270136006,367,0.135,Tropical,1.005479452
ARG_Tucuman,6505,open,angio,0,0.395499717,775,0.18,Tropical,2.123287671
ARG_Tucuman,6506,open,angio,0,0.232767425,775,0.135,Tropical,2.123287671
ARG_Tucuman,6507,open,angio,0,0.247733442,367,0.18,Tropical,1.005479452
ARG_Tucuman,6514,closed,angio,0,0.612005878,367,0.355,Tropical,1.005479452
ARG_Tucuman,6515,closed,angio,0,0.422827125,367,0.245,Tropical,1.005479452
ARG_Tucuman,6516,open,angio,0,0.631787414,775,0.38,Tropical,2.123287671
ARG_Tucuman,6517,open,angio,0,0.325382908,367,0.27,Tropical,1.005479452
ARG_Tucuman,6520,open,angio,0,0.613136754,367,0.415,Tropical,1.005479452
ARG_Tucuman,8,open,angio,0,0.388392923,775,0.11,Tropical,2.123287671
ARG_Tucuman,9,open,angio,0,0.314527027,775,0.29,Tropical,2.123287671
AUS_Brisbane,2577,open,angio,0,0.32989953,744,0.26686,Tropical,2.038356164
AUS_Brisbane,5520,closed,angio,0,0.235434941,305,0.22222,Tropical,0.835616438
AUS_Brisbane,5521,open,angio,0,0.295180873,744,0.19825,Tropical,2.038356164
AUS_Brisbane,5522,closed,angio,0,0.236846662,1122,0.12312,Tropical,3.073972603
AUS_Brisbane,5524,closed,angio,0,0.162878354,1122,0.11619,Tropical,3.073972603
AUS_Brisbane,5525,open,angio,0,0.275467144,305,0.2463,Tropical,0.835616438
AUS_Brisbane,5526,open,angio,0,0.238100995,1122,0.18318,Tropical,3.073972603
AUS_Brisbane,5527,closed,angio,0,0.257731486,305,0.24623,Tropical,0.835616438
AUS_Brisbane,5530,open,angio,0,0.303329873,305,0.27226,Tropical,0.835616438
AUS_Brisbane,5531,closed,angio,0,0.160881507,305,0.13875,Tropical,0.835616438
AUS_Brisbane,5533,open,angio,0,0.386679395,744,0.2632,Tropical,2.038356164
AUS_Brisbane,5534,closed,angio,0,0.197912011,744,0.13988,Tropical,2.038356164
AUS_Brisbane,5535,closed,angio,0,0.189214291,1122,0.09646,Tropical,3.073972603
AUS_Brisbane,5540,closed,angio,0,0.206347569,744,0.14578,Tropical,2.038356164
AUS_Brisbane,5541,closed,angio,0,0.414382274,744,0.23857,Tropical,2.038356164
AUS_Brisbane,5542,open,angio,0,0.192549599,305,0.18322,Tropical,0.835616438
AUS_Brisbane,5543,open,angio,0,0.530893268,1122,0.33424,Tropical,3.073972603
AUS_Brisbane,5544,open,angio,0,0.157561846,1122,0.12344,Tropical,3.073972603
AUS_Brisbane,5546,closed,angio,0,0.217834954,1122,0.10927,Tropical,3.073972603
AUS_Brisbane,5547,closed,angio,0,0.177477842,305,0.18338,Tropical,0.835616438
AUS_Brisbane,5549,open,angio,0,0.27502796,744,0.19145,Tropical,2.038356164
AUS_Brisbane,5550,open,angio,0,0.267433318,744,0.08874,Tropical,2.038356164
AUS_Brisbane,5551,closed,angio,0,0.198423313,744,0.17191,Tropical,2.038356164
AUS_Brisbane,5554,closed,angio,0,0.297078475,1122,0.24222,Tropical,3.073972603
AUS_Brisbane,5555,open,angio,0,0.368511892,744,0.26863,Tropical,2.038356164
AUS_Brisbane,5556,open,angio,0,0.177459264,1122,0.12678,Tropical,3.073972603
AUS_Brisbane,5557,open,angio,0,0.510996798,305,0.39465,Tropical,0.835616438
AUS_Brisbane,5558,closed,angio,0,0.272113124,305,0.29323,Tropical,0.835616438
AUS_Brisbane,5559,open,angio,0,0.241488615,305,0.21653,Tropical,0.835616438
AUS_Brisbane,5761,closed,angio,0,0.273430578,305,0.27223,Tropical,0.835616438
AUS_Brisbane,5763,open,angio,0,0.213515063,1122,0.14443,Tropical,3.073972603
AUS_Brisbane,5764,closed,angio,0,0.168573613,744,0.1283,Tropical,2.038356164
AUS_Brisbane,5766,open,angio,0,0.233024998,305,0.23481,Tropical,0.835616438
AUS_Brisbane,5767,closed,angio,0,0.367442124,1122,0.21099,Tropical,3.073972603
AUS_Brisbane,5768,open,angio,0,0.3131565,1122,0.29625,Tropical,3.073972603
AUS_Brisbane,5772,closed,angio,0,0.436588607,744,0.386,Tropical,2.038356164
AUS_Brisbane,5774,closed,gymno,0,0.226390008,744,0.22908,Tropical,2.038356164
AUS_Brisbane,5775,closed,gymno,0,0.176385298,1122,0.16563,Tropical,3.073972603
AUS_Brisbane,5776,open,gymno,0,0.348733582,305,0.36234,Tropical,0.835616438
AUS_Brisbane,5779,open,gymno,0,0.396139895,305,0.3494,Tropical,0.835616438
AUS_Brisbane,5782,open,gymno,0,0.393325155,744,0.31791,Tropical,2.038356164
AUS_Brisbane,5783,open,gymno,0,0.302291586,1122,0.31793,Tropical,3.073972603
AUS_Brisbane,5784,closed,gymno,0,0.219688346,744,0.20009,Tropical,2.038356164
AUS_Brisbane,5785,open,gymno,0,0.38945581,305,0.41233,Tropical,0.835616438
AUS_Brisbane,5786,closed,gymno,0,0.471495544,305,0.48427,Tropical,0.835616438
AUS_Brisbane,5787,closed,gymno,0,0.389689702,305,0.40373,Tropical,0.835616438
AUS_Brisbane,5788,closed,gymno,0,0.345218253,305,0.36219,Tropical,0.835616438
AUS_Brisbane,5789,closed,gymno,0,0.2046606,1122,0.20559,Tropical,3.073972603
AUS_Brisbane,5790,open,gymno,0,0.155513611,1122,0.1691,Tropical,3.073972603
AUS_Brisbane,5791,open,gymno,0,0.306576211,1122,0.3083,Tropical,3.073972603
AUS_Brisbane,5793,closed,gymno,0,0.2270356,1122,0.23511,Tropical,3.073972603
AUS_Brisbane,5794,open,gymno,0,0.379369435,744,0.36065,Tropical,2.038356164
AUS_Brisbane,5798,closed,gymno,0,0.201962048,744,0.18753,Tropical,2.038356164
AUS_Brisbane,5799,open,gymno,0,0.518231215,744,0.52206,Tropical,2.038356164
AUS_Cairns,2578,closed,angio,0,0.247842,426,0.21034,Tropical,1.167123288
AUS_Cairns,5569,open,angio,0,0.310788,426,0.30557,Tropical,1.167123288
AUS_Cairns,5570,open,angio,0,0.359641,426,0.32153,Tropical,1.167123288
AUS_Cairns,5571,open,angio,0,0.191319,426,0.16625,Tropical,1.167123288
AUS_Cairns,5584,closed,angio,0,0.220164,426,0.19392,Tropical,1.167123288
AUS_Cairns,5585,closed,angio,0,0.202344,426,0.16936,Tropical,1.167123288
AUS_Cairns,5586,closed,angio,0,0.216769,426,0.18363,Tropical,1.167123288
AUS_Cairns,5596,open,angio,0,0.243238,426,0.20362,Tropical,1.167123288
AUS_Cairns,5597,open,angio,0,0.279642,426,0.22249,Tropical,1.167123288
AUS_Cairns,5598,open,angio,0,0.160153,426,0.09348,Tropical,1.167123288
AUS_Cairns,5885,closed,angio,0,0.137259,426,0.1428,Tropical,1.167123288
AUS_Cairns,5886,closed,angio,0,0.257175,426,0.26494,Tropical,1.167123288
AUS_Cairns,5887,closed,angio,0,0.225378,426,0.32008,Tropical,1.167123288
AUS_Cairns,5903,open,angio,0,0.278234,426,0.22587,Tropical,1.167123288
AUS_Cairns,5904,open,angio,0,0.33088,426,0.29387,Tropical,1.167123288
AUS_Cairns,5905,open,angio,0,0.399093,426,0.25958,Tropical,1.167123288
AUS_Cairns,5918,closed,angio,0,0.229564,426,0.18879,Tropical,1.167123288
AUS_Cairns,5919,closed,angio,0,0.253946,426,0.20228,Tropical,1.167123288
AUS_Lamington,2579,closed,angio,0,0.209856917,777,0.14421,Tropical,2.128767123
AUS_Lamington,5920,closed,angio,0,0.181270653,777,0.06733,Tropical,2.128767123
AUS_Lamington,5921,open,angio,0,0.202483292,1059,0.03368,Tropical,2.901369863
AUS_Lamington,5922,closed,angio,0,0.141374752,1059,0.03288,Tropical,2.901369863
AUS_Lamington,5924,closed,angio,0,0.313099547,1059,0.1502,Tropical,2.901369863
AUS_Lamington,5925,closed,angio,0,0.213549992,777,0.16909,Tropical,2.128767123
AUS_Lamington,5926,open,angio,0,0.28618919,922,0.01345,Tropical,2.526027397
AUS_Lamington,5927,open,angio,0,0.215344985,922,0.08869,Tropical,2.526027397
AUS_Lamington,5929,open,angio,0,0.470123451,777,0.36032,Tropical,2.128767123
AUS_Lamington,5931,closed,angio,0,0.373960855,922,0.20398,Tropical,2.526027397
AUS_Lamington,5932,closed,angio,0,0.244070038,777,0.13759,Tropical,2.128767123
AUS_Lamington,5934,open,angio,0,0.318325355,1059,0.13219,Tropical,2.901369863
AUS_Lamington,5936,open,angio,0,0.42693281,777,0.1283,Tropical,2.128767123
AUS_Lamington,5937,open,angio,0,0.569195871,922,0.1374,Tropical,2.526027397
AUS_Lamington,5938,closed,angio,0,0.221814905,1059,0.05956,Tropical,2.901369863
AUS_Lamington,5939,closed,angio,0,0.238218197,922,0.09537,Tropical,2.526027397
AUS_Lamington,5941,closed,angio,0,0.263895515,777,0.13471,Tropical,2.128767123
AUS_Lamington,5942,open,angio,0,0.445762105,777,0.15212,Tropical,2.128767123
AUS_Lamington,5944,open,angio,0,0.504632557,1059,0.16483,Tropical,2.901369863
AUS_Lamington,5945,closed,angio,0,0.477526717,922,0.23597,Tropical,2.526027397
AUS_Lamington,5947,closed,angio,0,0.366559913,1059,0.29848,Tropical,2.901369863
AUS_Lamington,5948,open,angio,0,0.398025718,777,0.07612,Tropical,2.128767123
AUS_Lamington,5949,open,angio,0,0.369591544,1059,0.32384,Tropical,2.901369863
AUS_Lamington,5951,closed,angio,0,0.602966999,1059,0.2809,Tropical,2.901369863
AUS_Lamington,5952,open,angio,0,0.741854975,922,0.69465,Tropical,2.526027397
AUS_Lamington,5953,open,angio,0,0.463404338,777,0.52892,Tropical,2.128767123
AUS_Lamington,5954,closed,angio,0,0.433623338,922,0.32231,Tropical,2.526027397
AUS_Lamington,5955,open,angio,0,0.573378281,922,0.56252,Tropical,2.526027397
AUS_Lamington,5957,open,angio,0,0.433277637,777,0.47789,Tropical,2.128767123
AUS_Lamington,5959,closed,angio,0,0.316864877,922,0.1904,Tropical,2.526027397
AUS_Lamington,5963,closed,angio,0,0.353106288,922,0.1242,Tropical,2.526027397
AUS_Lamington,5966,open,angio,0,0.457542165,1059,0.2143,Tropical,2.901369863
AUS_Lamington,5968,closed,angio,0,0.2425328,777,0.15089,Tropical,2.128767123
AUS_Lamington,5969,open,angio,0,0.189487579,1059,0.10123,Tropical,2.901369863
AUS_Lamington,5972,open,angio,0,0.729188771,922,0.62349,Tropical,2.526027397
BEN,4919,closed,angio,0,0.235631393,364,0.11691,Tropical,0.997260274
BEN,4920,closed,angio,0,0.190878997,364,0.07025,Tropical,0.997260274
BEN,4921,closed,angio,0,0.174314882,364,0.08756,Tropical,0.997260274
BEN,4922,open,angio,0,0.19263464,753,0.08609,Tropical,2.063013699
BEN,4923,open,angio,0,0.188691322,753,0.05192,Tropical,2.063013699
BEN,4924,open,angio,0,0.247434922,753,0.07157,Tropical,2.063013699
BEN,4928,open,angio,0,0.238833986,753,0.02102,Tropical,2.063013699
BEN,4929,open,angio,0,0.239981638,753,0.05198,Tropical,2.063013699
BEN,4930,open,angio,0,0.19676356,753,0.08642,Tropical,2.063013699
BEN,4931,open,angio,0,0.214102128,753,0,Tropical,2.063013699
BEN,4932,open,angio,0,0.161141195,753,0,Tropical,2.063013699
BEN,4933,open,angio,0,0.189525959,753,0.04045,Tropical,2.063013699
BEN,4934,closed,angio,0,0.238362578,753,0.08958,Tropical,2.063013699
BEN,4935,closed,angio,0,0.187579308,753,0.05745,Tropical,2.063013699
BEN,4936,closed,angio,0,0.179882086,753,0.01591,Tropical,2.063013699
BEN,4940,open,angio,0,0.170941659,364,0.06713,Tropical,0.997260274
BEN,4941,open,angio,0,0.159845607,364,0.02117,Tropical,0.997260274
BEN,4942,open,angio,0,0.147571994,364,0.06268,Tropical,0.997260274
BEN,4943,closed,angio,0,0.138228859,753,0.01684,Tropical,2.063013699
BEN,4944,closed,angio,0,0.196891402,754,0.00937,Tropical,2.065753425
BEN,4945,closed,angio,0,0.146332763,755,0.0628,Tropical,2.068493151
BEN,4946,closed,angio,0,0.229098845,364,0.17705,Tropical,0.997260274
BEN,4947,closed,angio,0,0.286864176,364,0.09635,Tropical,0.997260274
BEN,4948,closed,angio,0,0.250860255,364,0.18438,Tropical,0.997260274
BEN,4949,open,angio,0,0.177853914,753,0.11624,Tropical,2.063013699
BEN,4950,open,angio,0,0.224113866,753,0.16244,Tropical,2.063013699
BEN,4951,open,angio,0,0.183153681,753,0.06373,Tropical,2.063013699
BEN,4955,open,angio,0,0.294224308,753,0.17431,Tropical,2.063013699
BEN,4956,open,angio,0,0.231321163,753,0.14273,Tropical,2.063013699
BEN,4957,open,angio,0,0.195380246,753,0.02148,Tropical,2.063013699
BEN,4958,open,angio,0,0.21034213,753,0.09287,Tropical,2.063013699
BEN,4959,open,angio,0,0.168247133,753,0.01894,Tropical,2.063013699
BEN,4960,open,angio,0,0.196429547,753,0.10969,Tropical,2.063013699
BEN,4961,closed,angio,0,0.264137982,753,0.14927,Tropical,2.063013699
BEN,4962,closed,angio,0,0.224572502,753,0.14311,Tropical,2.063013699
BEN,4963,closed,angio,0,0.291263084,753,0.16639,Tropical,2.063013699
BEN,4967,open,angio,0,0.242338499,364,0.20385,Tropical,0.997260274
BEN,4968,open,angio,0,0.301136105,364,0.27297,Tropical,0.997260274
BEN,4969,open,angio,0,0.242185471,364,0.13469,Tropical,0.997260274
BEN,4970,closed,angio,0,0.28407328,753,0.16721,Tropical,2.063013699
BEN,4971,closed,angio,0,0.176915481,753,0.0588,Tropical,2.063013699
BEN,4972,closed,angio,0,0.182701334,753,0.127,Tropical,2.063013699
BEN,4973,closed,angio,0,0.177512542,364,0.07636,Tropical,0.997260274
BEN,4974,closed,angio,0,0.117381721,753,0.02161,Tropical,2.063013699
BEN,4975,closed,angio,0,0.124251132,364,0.09994,Tropical,0.997260274
BEN,4976,open,angio,0,0.131311235,753,0.05082,Tropical,2.063013699
BEN,4977,open,angio,0,0.180155372,753,0.01255,Tropical,2.063013699
BEN,4978,open,angio,0,0.116234532,753,0.01351,Tropical,2.063013699
BEN,4982,open,angio,0,0.101846599,753,0.02192,Tropical,2.063013699
BEN,4983,open,angio,0,0.096446584,753,0.03559,Tropical,2.063013699
BEN,4984,open,angio,0,0.168050392,753,0.07847,Tropical,2.063013699
BEN,4985,open,angio,0,0.091741513,753,0.00627,Tropical,2.063013699
BEN,4986,open,angio,0,0.128278533,753,0.01879,Tropical,2.063013699
BEN,4987,open,angio,0,0.115577644,753,0.02459,Tropical,2.063013699
BEN,4988,closed,angio,0,0.075827674,753,0.0277,Tropical,2.063013699
BEN,4989,closed,angio,0,0.15684103,753,0.06627,Tropical,2.063013699
BEN,4990,closed,angio,0,0.152851395,753,0.02115,Tropical,2.063013699
BEN,4994,open,angio,0,0.122255296,364,0.06515,Tropical,0.997260274
BEN,4995,open,angio,0,0.150493424,364,0.04753,Tropical,0.997260274
BEN,4996,open,angio,0,0.093394723,364,0.02955,Tropical,0.997260274
BEN,4997,closed,angio,0,0.227370569,753,0.04002,Tropical,2.063013699
BEN,4998,closed,angio,0,0.123613988,753,0.075,Tropical,2.063013699
BEN,4999,closed,angio,0,0.081076619,753,0.00097,Tropical,2.063013699
BRA_Amazon,6080,open,angio,0,0.191905082,390,0.18013,Tropical,1.068493151
BRA_Amazon,6082,open,angio,0,0.132852521,390,0.11819,Tropical,1.068493151
BRA_Amazon,6083,closed,angio,0,0.157409606,768,0.10155,Tropical,2.104109589
BRA_Amazon,6087,open,angio,0,0.220650785,390,0.21054,Tropical,1.068493151
BRA_Amazon,6088,closed,angio,0,0.1644526,768,0.10747,Tropical,2.104109589
BRA_Amazon,6089,closed,angio,0,0.168222902,768,0.12197,Tropical,2.104109589
BRA_Amazon,6092,closed,angio,0,0.222678546,390,0.20227,Tropical,1.068493151
BRA_Amazon,6093,closed,angio,0,0.213065379,768,0.17547,Tropical,2.104109589
BRA_Amazon,6094,open,angio,0,0.115989912,418,0.1012,Tropical,1.145205479
BRA_Amazon,6096,open,angio,0,0.161449503,768,0.04462,Tropical,2.104109589
BRA_Amazon,6097,open,angio,0,0.196496677,418,0.17884,Tropical,1.145205479
BRA_Amazon,6099,closed,angio,0,0.256689799,390,0.22993,Tropical,1.068493151
BRA_Amazon,6100,closed,angio,0,0.177768321,768,0.15357,Tropical,2.104109589
BRA_Amazon,6101,open,angio,0,0.203429859,768,0.15155,Tropical,2.104109589
BRA_Amazon,6102,open,angio,0,0.256122739,768,0.18878,Tropical,2.104109589
BRA_Amazon,6103,closed,angio,0,0.189237909,768,0.14088,Tropical,2.104109589
BRA_Amazon,6105,closed,angio,0,0.206173292,390,0.18184,Tropical,1.068493151
BRA_Amazon,6106,open,angio,0,0.259191303,418,0.22371,Tropical,1.145205479
BRA_Amazon,6108,open,angio,0,0.264446408,390,0.24393,Tropical,1.068493151
BRA_Amazon,6109,closed,angio,0,0.240149107,768,0.1603,Tropical,2.104109589
BRA_Amazon,6110,closed,angio,0,0.33559741,390,0.26902,Tropical,1.068493151
BRA_Amazon,6111,closed,angio,0,0.21707086,768,0.15742,Tropical,2.104109589
BRA_Amazon,6112,closed,angio,0,0.285154317,768,0.18504,Tropical,2.104109589
BRA_Amazon,6114,open,angio,0,0.173900697,390,0.1535,Tropical,1.068493151
BRA_Amazon,6115,closed,angio,0,0.23818667,768,0.14881,Tropical,2.104109589
BRA_Amazon,6116,closed,angio,0,0.247628081,768,0.17431,Tropical,2.104109589
BRA_Amazon,6117,open,angio,0,0.236897279,418,0.09871,Tropical,1.145205479
BRA_Amazon,6124,closed,angio,0,0.191972955,390,0.14002,Tropical,1.068493151
BRA_Amazon,6125,open,angio,0,0.215302341,390,0.19739,Tropical,1.068493151
BRA_Amazon,6127,open,angio,0,0.19638039,418,0.15292,Tropical,1.145205479
BRA_Amazon,6128,closed,angio,0,0.224040546,390,0.17861,Tropical,1.068493151
BRA_Amazon,6129,open,angio,0,0.216310322,418,0.15172,Tropical,1.145205479
BRA_Amazon,6130,open,angio,0,0.253048499,768,0.13651,Tropical,2.104109589
BRA_Amazon,6131,open,angio,0,0.207282598,768,0.11102,Tropical,2.104109589
BRA_Amazon,6132,open,angio,0,0.318918856,768,0.18083,Tropical,2.104109589
BRA_Amazon,6133,closed,angio,0,0.161801415,768,0.09211,Tropical,2.104109589
BRA_Amazon,6134,open,angio,0,0.244227734,390,0.19791,Tropical,1.068493151
BRA_Amazon,6135,open,angio,0,0.210142079,390,0.17016,Tropical,1.068493151
BRA_Amazon,6137,closed,angio,0,0.112295574,390,0.07547,Tropical,1.068493151
BRA_Amazon,6138,closed,angio,0,0.235547332,768,0.09325,Tropical,2.104109589
BRA_Amazon,6139,closed,angio,0,0.219255748,390,0.18513,Tropical,1.068493151
BRA_Amazon,6140,open,angio,0,0.168346002,418,0.08249,Tropical,1.145205479
BRA_Amazon,6144,open,angio,0,0.230910415,418,0.20039,Tropical,1.145205479
BRA_Amazon,6145,open,angio,0,0.300427441,418,0.21291,Tropical,1.145205479
BRA_Amazon,6146,open,angio,0,0.148279243,768,0.08519,Tropical,2.104109589
BRA_Amazon,6148,closed,angio,0,0.167989498,390,0.10575,Tropical,1.068493151
BRA_Amazon,6149,closed,angio,0,0.168738525,768,0.12569,Tropical,2.104109589
BRA_Amazon,6150,open,angio,0,0.170654549,768,0.08293,Tropical,2.104109589
BRA_Amazon,6151,closed,angio,0,0.149217065,768,0.08203,Tropical,2.104109589
BRA_Amazon,6152,open,angio,0,0.182119936,768,0.09654,Tropical,2.104109589
BRA_Amazon,6153,open,angio,0,0.174700618,390,0.128,Tropical,1.068493151
BRA_Amazon,6154,closed,angio,0,0.170829158,768,0.11427,Tropical,2.104109589
BRA_Amazon,6159,closed,angio,0,0.137875532,768,0.08124,Tropical,2.104109589
BRA_Amazon,6160,closed,angio,0,0.155248114,768,0.07241,Tropical,2.104109589
CHI_Gutianshan,6720,open,angio,0,0.293320301,719,0.1348,Tropical,1.969863014
CHI_Gutianshan,6724,open,angio,0,0.16705858,349,0.11336,Tropical,0.956164384
CHI_Gutianshan,6726,closed,angio,0,0.257054163,349,0.16322,Tropical,0.956164384
CHI_Gutianshan,6728,closed,angio,0,0.177644745,719,0.14486,Tropical,1.969863014
CHI_Gutianshan,6729,open,angio,0,0.278252791,719,0.09337,Tropical,1.969863014
CHI_Gutianshan,6732,closed,angio,0,0.270257933,349,0.16908,Tropical,0.956164384
CHI_Gutianshan,6735,closed,angio,0,0.288966083,719,0.1598,Tropical,1.969863014
CHI_Gutianshan,6743,closed,angio,0,0.237839624,719,0.10924,Tropical,1.969863014
CHI_Gutianshan,6744,closed,angio,0,0.313307407,349,0.17983,Tropical,0.956164384
CHI_Gutianshan,6746,open,angio,0,0.206683554,719,0.10542,Tropical,1.969863014
CHI_Gutianshan,6748,closed,angio,0,0.279549322,349,0.19512,Tropical,0.956164384
CHI_Gutianshan,6749,open,angio,0,0.282281834,349,0.20432,Tropical,0.956164384
CHI_Gutianshan,6750,open,angio,0,0.30164933,719,0.15215,Tropical,1.969863014
CHI_Gutianshan,6753,closed,angio,0,0.231441209,719,0.13677,Tropical,1.969863014
CHI_Gutianshan,6755,open,angio,0,0.194373285,349,0.14149,Tropical,0.956164384
CHI_Gutianshan,6756,closed,angio,0,0.283552652,349,0.18842,Tropical,0.956164384
CHI_Gutianshan,6759,open,angio,0,0.202980455,719,0.09685,Tropical,1.969863014
CHI_Gutianshan,6961,open,angio,0,0.211476471,349,0.15444,Tropical,0.956164384
CHI_Gutianshan,6963,open,angio,0,0.212991327,349,0.12581,Tropical,0.956164384
CHI_Gutianshan,6965,closed,angio,0,0.242369733,719,0.14724,Tropical,1.969863014
CHI_Gutianshan,6969,open,angio,0,0.241666928,349,0.16272,Tropical,0.956164384
CHI_Gutianshan,6971,open,angio,0,0.218536825,349,0.14823,Tropical,0.956164384
CHI_Gutianshan,6972,closed,angio,0,0.181402098,349,0.11332,Tropical,0.956164384
CHI_Gutianshan,6973,open,angio,0,0.1852276,719,0.09185,Tropical,1.969863014
CHI_Gutianshan,6974,open,angio,0,0.308526602,349,0.23384,Tropical,0.956164384
CHI_Gutianshan,6977,closed,angio,0,0.28176093,719,0.15802,Tropical,1.969863014
CHI_Gutianshan,6979,open,angio,0,0.237754053,719,0.13673,Tropical,1.969863014
CHI_Gutianshan,6981,open,angio,0,0.215121537,719,0.14213,Tropical,1.969863014
CHI_Gutianshan,6982,closed,angio,0,0.185362545,349,0.14267,Tropical,0.956164384
CHI_Gutianshan,6990,closed,angio,0,0.296068991,349,0.21393,Tropical,0.956164384
CHI_Gutianshan,6991,closed,angio,0,0.246928462,719,0.14311,Tropical,1.969863014
CHI_Gutianshan,6993,open,angio,0,0.305605187,719,0.14053,Tropical,1.969863014
CHI_Gutianshan,6995,closed,angio,0,0.281019663,719,0.15088,Tropical,1.969863014
CHI_Gutianshan,6998,open,angio,0,0.244945914,349,0.16538,Tropical,0.956164384
CHI_Gutianshan,6999,closed,angio,0,0.170380538,349,0.11364,Tropical,0.956164384
CHI_Heishiding,2600,open,angio,0,0.168755671,371,0.1077,Tropical,1.016438356
CHI_Heishiding,2601,open,angio,0,0.177741912,371,0.11138,Tropical,1.016438356
CHI_Heishiding,2602,open,angio,0,0.222729897,371,0.13683,Tropical,1.016438356
CHI_Heishiding,2609,open,angio,0,0.126501316,747,0.02569,Tropical,2.046575342
CHI_Heishiding,2610,open,angio,0,0.205807322,747,0.07806,Tropical,2.046575342
CHI_Heishiding,2611,open,angio,0,0.13621422,747,0.04159,Tropical,2.046575342
CHI_Heishiding,2615,closed,angio,0,0.162369084,371,0.09732,Tropical,1.016438356
CHI_Heishiding,2616,closed,angio,0,0.383467251,371,0.25637,Tropical,1.016438356
CHI_Heishiding,2617,closed,angio,0,0.33867384,371,0.24659,Tropical,1.016438356
CHI_Heishiding,2624,closed,angio,0,0.324800392,747,0.16707,Tropical,2.046575342
CHI_Heishiding,2625,closed,angio,0,0.214626399,747,0.10106,Tropical,2.046575342
CHI_Heishiding,2626,closed,angio,0,0.135333331,747,0.05885,Tropical,2.046575342
CHI_Heishiding,2627,open,angio,0,0.206116514,371,0.14065,Tropical,1.016438356
CHI_Heishiding,2628,open,angio,0,0.286625727,371,0.18539,Tropical,1.016438356
CHI_Heishiding,2629,open,angio,0,0.195027646,371,0.13214,Tropical,1.016438356
CHI_Heishiding,2636,open,angio,0,0.279589927,747,0.12282,Tropical,2.046575342
CHI_Heishiding,2637,open,angio,0,0.173624826,747,0.08488,Tropical,2.046575342
CHI_Heishiding,2638,open,angio,0,0.13503315,747,0.09224,Tropical,2.046575342
CHI_Heishiding,2640,closed,angio,0,0.173988006,371,0.14246,Tropical,1.016438356
CHI_Heishiding,2641,closed,angio,0,0.108310351,371,0.08919,Tropical,1.016438356
CHI_Heishiding,2642,closed,angio,0,0.158694117,371,0.12252,Tropical,1.016438356
CHI_Heishiding,2649,closed,angio,0,0.196885484,747,0.13301,Tropical,2.046575342
CHI_Heishiding,2650,closed,angio,0,0.119249104,747,0.08142,Tropical,2.046575342
CHI_Heishiding,2651,closed,angio,0,0.135221144,747,0.06381,Tropical,2.046575342
CHI_Heishiding,2652,open,angio,0,0.253644804,371,0.19276,Tropical,1.016438356
CHI_Heishiding,2653,open,angio,0,0.174951194,371,0.11862,Tropical,1.016438356
CHI_Heishiding,2654,open,angio,0,0.18249171,371,0.14812,Tropical,1.016438356
CHI_Heishiding,2661,open,angio,0,0.137636135,747,0.06665,Tropical,2.046575342
CHI_Heishiding,2662,open,angio,0,0.098210592,747,0.06701,Tropical,2.046575342
CHI_Heishiding,2663,open,angio,0,0.10372334,747,0.06113,Tropical,2.046575342
CHI_Heishiding,2668,closed,angio,0,0.32307079,371,0.26521,Tropical,1.016438356
CHI_Heishiding,2669,closed,angio,0,0.211109478,371,0.13535,Tropical,1.016438356
CHI_Heishiding,2670,closed,angio,0,0.187493451,371,0.12944,Tropical,1.016438356
CHI_Heishiding,2677,closed,angio,0,0.361825316,747,0.18091,Tropical,2.046575342
CHI_Heishiding,2678,closed,angio,0,0.210400463,747,0.07853,Tropical,2.046575342
CHI_Heishiding,2679,closed,angio,0,0.208388834,747,0.04289,Tropical,2.046575342
ECU,2576,open,angio,0,0.087284604,413,0.05257,Tropical,1.131506849
ECU,5680,open,angio,0,0.105289755,863,0.02919,Tropical,2.364383562
ECU,5681,open,angio,0,0.138944481,863,0.01427,Tropical,2.364383562
ECU,5682,open,angio,0,0.140333359,863,0.03128,Tropical,2.364383562
ECU,5683,closed,angio,0,0.089493325,863,0.02705,Tropical,2.364383562
ECU,5685,closed,angio,0,0.171014187,413,0.06831,Tropical,1.131506849
ECU,5686,open,angio,0,0.30520233,413,0.12536,Tropical,1.131506849
ECU,5687,closed,angio,0,0.110559564,413,0.04471,Tropical,1.131506849
ECU,5688,open,angio,0,0.148055061,413,0.07366,Tropical,1.131506849
ECU,5689,closed,angio,0,0.075077618,413,0.05502,Tropical,1.131506849
ECU,5693,closed,angio,0,0.13544429,863,0.04317,Tropical,2.364383562
ECU,5694,open,angio,0,0.122373151,1083,0.02094,Tropical,2.967123288
ECU,5696,closed,angio,0,0.092999906,863,0.09125,Tropical,2.364383562
ECU,5698,closed,angio,0,0.344778369,1083,0.08255,Tropical,2.967123288
ECU,5699,closed,angio,0,0.113100874,1083,0.03479,Tropical,2.967123288
ECU,5700,closed,angio,0,0.106905149,1083,0.05461,Tropical,2.967123288
ECU,5701,open,angio,0,0.051755985,1083,0.04991,Tropical,2.967123288
ECU,5703,open,angio,0,0.291292205,1083,0.0378,Tropical,2.967123288
ECU,5706,open,angio,0,0.13211537,863,0.05728,Tropical,2.364383562
ECU,5707,closed,angio,0,0.315007173,1083,0.14539,Tropical,2.967123288
ECU,5709,closed,angio,0,0.23837675,413,0.18516,Tropical,1.131506849
ECU,5712,open,angio,0,0.144871416,413,0.06907,Tropical,1.131506849
ECU,5713,closed,angio,0,0.093080969,413,0.04714,Tropical,1.131506849
ECU,5714,open,angio,0,0.119100088,1083,0.0378,Tropical,2.967123288
ECU,5715,open,angio,0,0.127970715,413,0.0955,Tropical,1.131506849
ECU,5716,open,angio,0,0.202218397,863,0.16517,Tropical,2.364383562
ECU,5717,open,angio,0,0.311256672,1083,0.14431,Tropical,2.967123288
ECU,5718,closed,angio,0,0.516951564,1083,0.17916,Tropical,2.967123288
ECU,5720,open,angio,0,0.125256038,863,0.04011,Tropical,2.364383562
ECU,5722,closed,angio,0,0.279177071,1083,0.13255,Tropical,2.967123288
ECU,5723,open,angio,0,0.12676055,413,0.09583,Tropical,1.131506849
ECU,5724,closed,angio,0,0.369158293,863,0.11894,Tropical,2.364383562
ECU,5727,closed,angio,0,0.204968921,413,0.10998,Tropical,1.131506849
ECU,5730,closed,angio,0,0.239366542,863,0.13209,Tropical,2.364383562
ECU,5731,closed,angio,0,0.103034317,863,0.03862,Tropical,2.364383562
ECU,5732,open,angio,0,0.290619798,1083,0.12067,Tropical,2.967123288
ECU,5736,closed,angio,0,0.331226748,1083,0.13013,Tropical,2.967123288
ECU,5737,open,angio,0,0.238881676,863,0.05548,Tropical,2.364383562
ECU,5738,open,angio,0,0.163869159,863,0.06014,Tropical,2.364383562
ECU,5739,open,angio,0,0.103924395,413,0.08274,Tropical,1.131506849
ECU,5740,closed,angio,0,0.320833692,863,0.14886,Tropical,2.364383562
ECU,5741,closed,angio,0,0.217019458,863,0.09918,Tropical,2.364383562
ECU,5742,closed,angio,0,0.071052862,863,0.02677,Tropical,2.364383562
ECU,5743,closed,angio,0,0.178720495,1083,0.06307,Tropical,2.967123288
ECU,5746,open,angio,0,0.156569169,1083,0.04757,Tropical,2.967123288
ECU,5747,open,angio,0,0.104990689,1083,0.02648,Tropical,2.967123288
ECU,5748,closed,angio,0,0.103646107,1083,0.04258,Tropical,2.967123288
ECU,5749,closed,angio,0,0.134911361,413,0.06075,Tropical,1.131506849
ECU,5750,open,angio,0,0.343428847,1083,0.16827,Tropical,2.967123288
ECU,5752,closed,angio,0,0.346625726,413,0.18274,Tropical,1.131506849
ECU,5753,closed,angio,0,0.219265697,413,0.11839,Tropical,1.131506849
ECU,5754,open,angio,0,0.196617718,413,0.09816,Tropical,1.131506849
ECU,5758,open,angio,0,0.135271202,413,0.06695,Tropical,1.131506849
ECU,5759,open,angio,0,0.132303532,863,0.05491,Tropical,2.364383562
FGU,3801,open,angio,0,0.325379303,464,0.0129,Tropical,1.271232877
FGU,3802,closed,angio,0,0.216590096,464,0.009,Tropical,1.271232877
FGU,3806,closed,angio,0,0.24595508,464,0.0217,Tropical,1.271232877
FGU,3807,open,angio,0,0.244822032,411,0.0164,Tropical,1.126027397
FGU,3808,open,angio,0,0.463260481,464,0.0107,Tropical,1.271232877
FGU,3811,open,angio,0,0.334612245,411,0.0091,Tropical,1.126027397
FGU,3812,closed,angio,0,0.205303538,464,0.0136,Tropical,1.271232877
FGU,3816,open,angio,0,0.244778069,464,0.0547,Tropical,1.271232877
FGU,3817,open,angio,0,0.219185406,411,0.0064,Tropical,1.126027397
FGU,3818,closed,angio,0,0.177646506,464,0.0393,Tropical,1.271232877
FGU,3819,open,angio,0,0.235251813,464,0.0248,Tropical,1.271232877
FGU,3820,closed,angio,0,0.236707619,411,0.0899,Tropical,1.126027397
FGU,3821,closed,angio,0,0.185980961,411,0.0836,Tropical,1.126027397
FGU,3822,open,angio,0,0.350219555,464,0.0467,Tropical,1.271232877
FGU,3823,closed,angio,0,0.241868919,411,0.1195,Tropical,1.126027397
FGU,3824,open,angio,0,0.23878415,464,0.0046,Tropical,1.271232877
FGU,3825,closed,angio,0,0.404759143,464,0.0095,Tropical,1.271232877
FGU,3826,closed,angio,0,0.231904882,464,0.0162,Tropical,1.271232877
FGU,3828,open,angio,0,0.171231872,411,0.1346,Tropical,1.126027397
FGU,3829,open,angio,0,0.290843586,623,0.2221,Tropical,1.706849315
FGU,3832,open,angio,0,0.136554444,623,0.0825,Tropical,1.706849315
FGU,3833,closed,angio,0,0.171375819,623,0.1285,Tropical,1.706849315
FGU,3834,closed,angio,0,0.146527834,623,0.0964,Tropical,1.706849315
FGU,3835,closed,angio,0,0.217093906,623,0.1548,Tropical,1.706849315
FGU,3838,open,angio,0,0.34703574,623,0.2381,Tropical,1.706849315
FGU,3841,closed,angio,0,0.147132002,411,0.1215,Tropical,1.126027397
FGU,3843,open,angio,0,0.298047901,623,0.2113,Tropical,1.706849315
FGU,3844,closed,angio,0,0.191568532,411,0.1566,Tropical,1.126027397
FGU,3845,open,angio,0,0.179819811,623,0.1258,Tropical,1.706849315
FGU,3847,closed,angio,0,0.164517936,623,0.1154,Tropical,1.706849315
FGU,3848,closed,angio,0,0.163821501,623,0.1238,Tropical,1.706849315
FGU,3849,open,angio,0,0.264243893,411,0.2307,Tropical,1.126027397
FGU,3850,open,angio,0,0.351477905,623,0.1856,Tropical,1.706849315
FGU,3851,closed,angio,0,0.35050793,411,0.2933,Tropical,1.126027397
FGU,3852,closed,angio,0,0.204792276,623,0.148,Tropical,1.706849315
FGU,3853,open,angio,0,0.170465735,411,0.145,Tropical,1.126027397
FGU,3854,closed,angio,0,0.190310319,411,0.1312,Tropical,1.126027397
FGU,3855,closed,angio,0,0.129395505,623,0.0658,Tropical,1.706849315
FGU,3856,closed,angio,0,0.128792625,623,0.0518,Tropical,1.706849315
FGU,3858,open,angio,0,0.116197486,411,0.0859,Tropical,1.126027397
FGU,3859,closed,angio,0,0.10242221,623,0.0389,Tropical,1.706849315
FGU,3860,open,angio,0,0.091539142,411,0.0569,Tropical,1.126027397
FGU,3863,open,angio,0,0.126747041,411,0.1125,Tropical,1.126027397
FGU,3864,closed,angio,0,0.139197488,623,0.047,Tropical,1.706849315
FGU,3866,open,angio,0,0.107832758,623,0.0598,Tropical,1.706849315
FGU,3867,closed,angio,0,0.118044094,623,0.0604,Tropical,1.706849315
FGU,3868,closed,angio,0,0.246965772,623,0.1829,Tropical,1.706849315
FGU,3870,open,angio,0,0.119535869,623,0.0715,Tropical,1.706849315
FGU,3872,closed,angio,0,0.102153957,411,0.0846,Tropical,1.126027397
FGU,3873,closed,angio,0,0.139654953,411,0.0905,Tropical,1.126027397
FGU,3874,open,angio,0,0.205814239,623,0.1345,Tropical,1.706849315
FGU,3876,open,angio,0,0.131728442,623,0.0967,Tropical,1.706849315
FGU,3878,open,angio,0,0.090446837,623,0.0669,Tropical,1.706849315
FGU,3879,open,angio,0,0.229876121,623,0.1569,Tropical,1.706849315
IND_high,2681,open,angio,0,0.224452946,736,0.12491,Tropical,2.016438356
IND_high,2684,open,angio,0,0.231544857,367,0.16334,Tropical,1.005479452
IND_high,2722,closed,angio,0,0.170565272,367,0.13915,Tropical,1.005479452
IND_high,2723,closed,angio,0,0.235468134,736,0.16705,Tropical,2.016438356
IND_high,2726,open,angio,0,0.194284859,367,0.17666,Tropical,1.005479452
IND_high,2728,open,angio,0,0.167609206,736,0.125,Tropical,2.016438356
IND_high,2731,open,angio,0,0.166498773,736,0.11081,Tropical,2.016438356
IND_high,2732,open,angio,0,0.212559144,367,0.16437,Tropical,1.005479452
IND_high,2734,closed,angio,0,0.175753593,367,0.15131,Tropical,1.005479452
IND_high,2735,closed,angio,0,0.247169425,736,0.17969,Tropical,2.016438356
IND_high,2738,open,angio,0,0.199328549,736,0.12023,Tropical,2.016438356
IND_high,2743,open,angio,0,0.222391058,367,0.18525,Tropical,1.005479452
IND_high,2744,closed,angio,0,0.148054786,736,0.08275,Tropical,2.016438356
IND_high,2745,closed,angio,0,0.21038952,367,0.17555,Tropical,1.005479452
IND_high,2747,closed,angio,0,0.262144579,367,0.19881,Tropical,1.005479452
IND_high,2749,closed,angio,0,0.272892239,367,0.19185,Tropical,1.005479452
IND_high,2750,open,angio,0,0.225530118,736,0.15627,Tropical,2.016438356
IND_high,2756,closed,angio,0,0.16652173,736,0.08885,Tropical,2.016438356
IND_high,2764,open,angio,0,0.210007586,367,0.17284,Tropical,1.005479452
IND_high,2765,open,angio,0,0.234571807,367,0.20246,Tropical,1.005479452
IND_high,2766,open,angio,0,0.175544301,736,0.11831,Tropical,2.016438356
IND_high,2767,closed,angio,0,0.180817769,736,0.09721,Tropical,2.016438356
IND_high,2768,open,angio,0,0.174768253,367,0.12466,Tropical,1.005479452
IND_high,2769,open,angio,0,0.190070259,736,0.10335,Tropical,2.016438356
IND_high,2774,closed,angio,0,0.298545046,736,0.19297,Tropical,2.016438356
IND_high,2777,closed,angio,0,0.228867041,367,0.19636,Tropical,1.005479452
IND_high,2780,open,angio,0,0.157789318,367,0.13018,Tropical,1.005479452
IND_high,2781,open,angio,0,0.200972969,736,0.09521,Tropical,2.016438356
IND_high,2785,closed,angio,0,0.164845279,367,0.12081,Tropical,1.005479452
IND_high,2787,closed,angio,0,0.151725831,736,0.09625,Tropical,2.016438356
IND_high,2788,closed,angio,0,0.141498427,736,0.07792,Tropical,2.016438356
IND_high,2792,closed,angio,0,0.229367914,367,0.15307,Tropical,1.005479452
IND_high,2793,closed,angio,0,0.177439544,736,0.09368,Tropical,2.016438356
IND_high,2796,open,angio,0,0.183002629,736,0.10325,Tropical,2.016438356
IND_high,2797,closed,angio,0,0.214199642,367,0.13788,Tropical,1.005479452
IND_high,2799,open,angio,0,0.182320012,367,0.12378,Tropical,1.005479452
IND_low,2570,open,angio,0,0.218828458,748,0.12057,Tropical,2.049315068
IND_low,2685,closed,angio,0,0.308157962,396,0.26358,Tropical,1.084931507
IND_low,2689,open,angio,0,0.278442921,748,0.13077,Tropical,2.049315068
IND_low,2690,open,angio,0,0.333405684,748,0.15926,Tropical,2.049315068
IND_low,2692,open,angio,0,0.274309482,748,0.1467,Tropical,2.049315068
IND_low,2700,open,angio,0,0.338228964,396,0.27282,Tropical,1.084931507
IND_low,2701,open,angio,0,0.322028279,396,0.26872,Tropical,1.084931507
IND_low,2703,closed,angio,0,0.343565712,396,0.29747,Tropical,1.084931507
IND_low,2704,closed,angio,0,0.21286028,396,0.1603,Tropical,1.084931507
IND_low,2705,open,angio,0,0.200962309,396,0.15854,Tropical,1.084931507
IND_low,2707,closed,angio,0,0.344119919,748,0.16232,Tropical,2.049315068
IND_low,2709,closed,angio,0,0.198493881,748,0.09718,Tropical,2.049315068
IND_low,2710,closed,angio,0,0.230612654,748,0.11682,Tropical,2.049315068
IND_low,2713,closed,angio,0,0.237696786,396,0.2139,Tropical,1.084931507
IND_low,2715,open,angio,0,0.132148266,748,0.09825,Tropical,2.049315068
IND_low,2760,closed,angio,0,0.260443712,396,0.17212,Tropical,1.084931507
IND_low,2802,open,angio,0,0.145051428,748,0.07201,Tropical,2.049315068
IND_low,2804,open,angio,0,0.130671667,396,0.14475,Tropical,1.084931507
IND_low,2805,closed,angio,0,0.166736795,748,0.07702,Tropical,2.049315068
IND_low,2806,closed,angio,0,0.182943427,748,0.10286,Tropical,2.049315068
IND_low,2808,open,angio,0,0.166155801,396,0.14377,Tropical,1.084931507
IND_low,2809,closed,angio,0,0.169849032,748,0.10699,Tropical,2.049315068
IND_low,2810,closed,angio,0,0.178328681,396,0.15025,Tropical,1.084931507
IND_low,2811,open,angio,0,0.2433433,396,0.20489,Tropical,1.084931507
IND_low,2813,open,angio,0,0.1478253,748,0.10098,Tropical,2.049315068
IND_low,2816,closed,angio,0,0.231431448,396,0.19607,Tropical,1.084931507
IND_low,2820,open,angio,0,0.208256604,396,0.14044,Tropical,1.084931507
IND_low,2822,open,angio,0,0.276385312,748,0.18071,Tropical,2.049315068
IND_low,2823,open,angio,0,0.286085391,396,0.21966,Tropical,1.084931507
IND_low,2824,open,angio,0,0.19703213,748,0.07715,Tropical,2.049315068
IND_low,2826,open,angio,0,0.174586175,748,0.17518,Tropical,2.049315068
IND_low,2828,closed,angio,0,0.280967751,748,0.16345,Tropical,2.049315068
IND_low,2831,closed,angio,0,0.264370681,748,0.11999,Tropical,2.049315068
IND_low,2832,closed,angio,0,0.205018841,748,0.19009,Tropical,2.049315068
IND_low,2838,closed,angio,0,0.207712938,396,0.17763,Tropical,1.084931507
IND_low,2839,open,angio,0,0.203684949,396,0.17363,Tropical,1.084931507
IND_low,6952,closed,angio,0,0.191307171,396,0.15802,Tropical,1.084931507
ISR,1760,open,angio,0,0.242499884,368,0.21444,Tropical,1.008219178
ISR,1761,closed,angio,0,0.282062917,368,0.24065,Tropical,1.008219178
ISR,1763,open,angio,0,0.322122302,856,0.25334,Tropical,2.345205479
ISR,1765,closed,angio,0,0.286986362,368,0.24447,Tropical,1.008219178
ISR,1768,open,angio,0,0.233135099,368,0.19254,Tropical,1.008219178
ISR,1770,open,angio,0,0.339722023,856,0.27318,Tropical,2.345205479
ISR,1772,open,angio,0,0.229555727,856,0.18244,Tropical,2.345205479
ISR,1774,closed,angio,0,0.289621089,368,0.2215,Tropical,1.008219178
ISR,1775,closed,angio,0,0.319931129,856,0.23289,Tropical,2.345205479
ISR,1776,closed,angio,0,0.179367706,368,0.14748,Tropical,1.008219178
ISR,1777,closed,angio,0,0.415363849,368,0.25936,Tropical,1.008219178
ISR,1779,closed,angio,0,0.408568614,856,0.27264,Tropical,2.345205479
ISR,1780,open,angio,0,0.352151555,856,0.25097,Tropical,2.345205479
ISR,1782,open,angio,0,0.368481912,856,0.27455,Tropical,2.345205479
ISR,1785,closed,angio,0,0.505976447,856,0.37692,Tropical,2.345205479
ISR,1787,open,angio,0,0.304689229,368,0.21693,Tropical,1.008219178
ISR,1788,open,angio,0,0.311858989,856,0.18277,Tropical,2.345205479
ISR,1797,closed,angio,0,0.396297837,856,0.28536,Tropical,2.345205479
ISR,1798,open,angio,0,0.334269881,368,0.24384,Tropical,1.008219178
ISR,1799,open,angio,0,0.286015838,368,0.21777,Tropical,1.008219178
ISR,1801,closed,angio,0,0.311048594,856,0.2847,Tropical,2.345205479
ISR,1804,open,angio,0,0.21154,856,0.19232,Tropical,2.345205479
ISR,1806,closed,angio,0,0.272216122,856,0.24702,Tropical,2.345205479
ISR,1807,open,angio,0,0.35682842,856,0.30399,Tropical,2.345205479
ISR,1808,closed,angio,0,0.396233019,368,0.37387,Tropical,1.008219178
ISR,1810,closed,angio,0,0.208119668,368,0.20519,Tropical,1.008219178
ISR,1811,closed,angio,0,0.293823952,368,0.28212,Tropical,1.008219178
ISR,1812,open,angio,0,0.305203132,856,0.28003,Tropical,2.345205479
ISR,1816,closed,angio,0,0.256318601,856,0.24333,Tropical,2.345205479
ISR,1818,open,angio,0,0.337393639,856,0.29003,Tropical,2.345205479
ISR,1819,open,angio,0,0.200093555,368,0.18339,Tropical,1.008219178
ISR,1823,open,angio,0,0.355802763,368,0.31937,Tropical,1.008219178
ISR,1824,closed,angio,0,0.239696101,856,0.21107,Tropical,2.345205479
ISR,1825,open,angio,0,0.26816791,368,0.26335,Tropical,1.008219178
ISR,1827,closed,angio,0,0.442775313,368,0.37017,Tropical,1.008219178
ISR,1829,closed,angio,0,0.399555977,856,0.34179,Tropical,2.345205479
ISR,1831,closed,angio,0,0.345025517,856,0.27068,Tropical,2.345205479
ISR,1832,closed,angio,0,0.171529091,856,0.15017,Tropical,2.345205479
ISR,1838,closed,angio,0,0.21917113,856,0.18036,Tropical,2.345205479
ISR,1839,open,angio,0,0.28982982,368,0.24266,Tropical,1.008219178
KEN_Arabuco,4203,closed,angio,0,0.237296184,703,0.20952,Tropical,1.926027397
KEN_Arabuco,4207,open,angio,0,0.261987897,703,0.21588,Tropical,1.926027397
KEN_Arabuco,4208,open,angio,0,0.226410287,703,0.18677,Tropical,1.926027397
KEN_Arabuco,4209,closed,angio,0,0.25127877,466,0.16883,Tropical,1.276712329
KEN_Arabuco,4210,closed,angio,0,0.244069889,703,0.20666,Tropical,1.926027397
KEN_Arabuco,4213,closed,angio,0,0.265477243,703,0.22563,Tropical,1.926027397
KEN_Arabuco,4215,open,angio,0,0.265290741,466,0.1814,Tropical,1.276712329
KEN_Arabuco,4216,open,angio,0,0.169882873,466,0.12529,Tropical,1.276712329
KEN_Arabuco,4218,open,angio,0,0.183245953,703,0.14962,Tropical,1.926027397
KEN_Arabuco,4220,closed,angio,0,0.172421056,703,0.14845,Tropical,1.926027397
KEN_Arabuco,4222,closed,angio,0,0.161899245,466,0.13105,Tropical,1.276712329
KEN_Arabuco,4224,open,angio,0,0.139945833,703,0.10801,Tropical,1.926027397
KEN_Arabuco,4225,open,angio,0,0.137150236,703,0.10841,Tropical,1.926027397
KEN_Arabuco,4226,closed,angio,0,0.165486818,703,0.13796,Tropical,1.926027397
KEN_Arabuco,4228,open,angio,0,0.110203688,703,0.08043,Tropical,1.926027397
KEN_Arabuco,4229,closed,angio,0,0.386330121,703,0.32105,Tropical,1.926027397
KEN_Arabuco,4233,closed,angio,0,0.212840636,466,0.16517,Tropical,1.276712329
KEN_Arabuco,4234,closed,angio,0,0.14993843,703,0.17028,Tropical,1.926027397
KEN_Arabuco,4235,closed,angio,0,0.21533,703,0.21533,Tropical,1.926027397
KEN_Arabuco,4241,open,angio,0,0.24399,703,0.24399,Tropical,1.926027397
KEN_Arabuco,4243,closed,angio,0,0.22891,466,0.30959,Tropical,1.276712329
KEN_Arabuco,4244,open,angio,0,0.253929551,703,0.22891,Tropical,1.926027397
KEN_Arabuco,4245,closed,angio,0,0.107887523,703,0.13377,Tropical,1.926027397
KEN_Arabuco,4248,closed,angio,0,0.35286,703,0.35286,Tropical,1.926027397
KEN_Arabuco,4251,closed,angio,0,0.111155402,703,0.10243,Tropical,1.926027397
KEN_Arabuco,4253,open,angio,0,0.08893,703,0.08893,Tropical,1.926027397
KEN_Arabuco,4254,open,angio,0,0.2543,703,0.2543,Tropical,1.926027397
KEN_Arabuco,4259,open,angio,0,0.10869,703,0.10869,Tropical,1.926027397
KEN_Arabuco,4260,open,angio,0,0.148402706,703,0.128,Tropical,1.926027397
KEN_Arabuco,4265,closed,angio,0,0.18812,703,0.18812,Tropical,1.926027397
KEN_Arabuco,4268,closed,angio,0,0.15961,703,0.15961,Tropical,1.926027397
KEN_Arabuco,4272,closed,angio,0,0.297494941,466,0.19749,Tropical,1.276712329
KEN_Arabuco,4273,open,angio,0,0.1214,703,0.1214,Tropical,1.926027397
KEN_Arabuco,4274,open,angio,0,0.13791,703,0.13791,Tropical,1.926027397
KEN_Arabuco,4277,open,angio,0,0.178854256,466,0.14654,Tropical,1.276712329
KEN_Arabuco,4282,closed,angio,0,0.1976,703,0.1976,Tropical,1.926027397
KEN_Kitui,4123,closed,angio,0,0.254546022,522,0.28687,Tropical,1.430136986
KEN_Kitui,4131,closed,angio,0,0.187631894,627,0.16221,Tropical,1.717808219
KEN_Kitui,4175,closed,angio,0,0.30188055,522,0.28383,Tropical,1.430136986
KEN_Kitui,4191,closed,angio,0,0.141680411,522,0.11325,Tropical,1.430136986
MAD_Mandena,2160,closed,angio,0,0.313898531,494,0.1296,Tropical,1.353424658
MAD_Mandena,2161,closed,angio,0,0.419263049,494,0.133,Tropical,1.353424658
MAD_Mandena,2162,closed,angio,0,0.365859615,494,0.1317,Tropical,1.353424658
MAD_Mandena,2172,open,angio,0,0.408515185,494,0.186,Tropical,1.353424658
MAD_Mandena,2173,open,angio,0,0.350329123,494,0.1515,Tropical,1.353424658
MAD_Mandena,2174,open,angio,0,0.438286995,494,0.1628,Tropical,1.353424658
MAD_Mandena,2181,closed,angio,0,0.315628169,123,0.12227,Tropical,0.336986301
MAD_Mandena,2182,closed,angio,0,0.366351572,123,0.13619,Tropical,0.336986301
MAD_Mandena,2183,closed,angio,0,0.3102,123,0.10978,Tropical,0.336986301
MAD_Mandena,2184,open,angio,0,0.318937151,123,0.11336,Tropical,0.336986301
MAD_Mandena,2185,open,angio,0,0.361809673,123,0.07369,Tropical,0.336986301
MAD_Mandena,2186,open,angio,0,0.359384884,123,0.12378,Tropical,0.336986301
MAD_Mandena,2187,closed,angio,0,0.437146902,494,0.2913,Tropical,1.353424658
MAD_Mandena,2188,closed,angio,0,0.441731617,494,0.3231,Tropical,1.353424658
MAD_Mandena,2189,closed,angio,0,0.359834588,494,0.2725,Tropical,1.353424658
MAD_Mandena,2199,open,angio,0,0.468934634,494,0.385,Tropical,1.353424658
MAD_Mandena,2200,open,angio,0,0.339861183,494,0.2937,Tropical,1.353424658
MAD_Mandena,2201,open,angio,0,0.389060318,494,0.2964,Tropical,1.353424658
MAD_Mandena,2208,closed,angio,0,0.393071556,123,0.26923,Tropical,0.336986301
MAD_Mandena,2209,closed,angio,0,0.520829704,123,0.35777,Tropical,0.336986301
MAD_Mandena,2210,closed,angio,0,0.493829928,123,0.32779,Tropical,0.336986301
MAD_Mandena,2211,open,angio,0,0.347278078,123,0.24598,Tropical,0.336986301
MAD_Mandena,2212,open,angio,0,0.557372778,123,0.40086,Tropical,0.336986301
MAD_Mandena,2213,open,gymno,0,0.44021285,123,0.31654,Tropical,0.336986301
MAD_Mandena,2214,closed,angio,0,0.415445702,494,0.3108,Tropical,1.353424658
MAD_Mandena,2215,closed,angio,0,0.4119203,494,0.2972,Tropical,1.353424658
MAD_Mandena,2216,closed,angio,0,0.382023883,494,0.2044,Tropical,1.353424658
MAD_Mandena,2226,open,angio,0,0.3927868,494,0.2221,Tropical,1.353424658
MAD_Mandena,2227,open,angio,0,0.492076533,494,0.3178,Tropical,1.353424658
MAD_Mandena,2228,open,angio,0,0.357660571,494,0.1896,Tropical,1.353424658
MAD_Mandena,2235,closed,angio,0,0.403772792,123,0.25458,Tropical,0.336986301
MAD_Mandena,2236,closed,angio,0,0.383703814,123,0.19543,Tropical,0.336986301
MAD_Mandena,2237,closed,angio,0,0.314149177,123,0.19496,Tropical,0.336986301
MAD_Mandena,2238,open,angio,0,0.306335899,123,0.18515,Tropical,0.336986301
MAD_Mandena,2239,open,angio,0,0.356123676,123,0.16923,Tropical,0.336986301
MAD_Mandena,2561,open,angio,0,0.382669419,123,0.21625,Tropical,0.336986301
MAL,6801,closed,angio,0,0.309911645,517,0.21367,Tropical,1.416438356
MAL,6802,open,angio,0,0.357132881,517,0.01875,Tropical,1.416438356
MAL,6803,closed,angio,0,0.356406483,368,0.29474,Tropical,1.008219178
MAL,6808,open,angio,0,0.49233822,368,0.37398,Tropical,1.008219178
MAL,6810,closed,angio,0,0.357669333,517,0.21799,Tropical,1.416438356
MAL,6811,open,angio,0,0.370565868,517,0.05434,Tropical,1.416438356
MAL,6812,closed,angio,0,0.310504947,368,0.23114,Tropical,1.008219178
MAL,6817,open,angio,0,0.282133495,368,0.18523,Tropical,1.008219178
MAL,6819,closed,angio,0,0.403973303,517,0.2995,Tropical,1.416438356
MAL,6820,open,angio,0,0.307756191,517,0,Tropical,1.416438356
MAL,6821,closed,angio,0,0.346824012,368,0.28294,Tropical,1.008219178
MAL,6826,open,angio,0,0.338303021,368,0.22372,Tropical,1.008219178
MAL,6828,closed,angio,0,0.367199632,517,0.15175,Tropical,1.416438356
MAL,6829,open,angio,0,0.343879903,517,0.19785,Tropical,1.416438356
MAL,6830,closed,angio,0,0.433385933,368,0.38,Tropical,1.008219178
MAL,6835,open,angio,0,0.415359067,368,0.31211,Tropical,1.008219178
MAL,6837,closed,angio,0,0.354115926,517,0.16401,Tropical,1.416438356
MAL,6838,open,angio,0,0.398945627,517,0.1681,Tropical,1.416438356
MAL,6839,closed,angio,0,0.357860506,368,0.25563,Tropical,1.008219178
MAL,6844,open,angio,0,0.501588037,368,0.29392,Tropical,1.008219178
MAL,6846,closed,angio,0,0.412413458,517,0.19426,Tropical,1.416438356
MAL,6847,open,angio,0,0.337534511,517,0.1256,Tropical,1.416438356
MAL,6848,closed,angio,0,0.366699925,368,0.19729,Tropical,1.008219178
MAL,6853,open,angio,0,0.311403202,368,0.19715,Tropical,1.008219178
MAL,6855,closed,angio,0,0.421271173,517,0.30976,Tropical,1.416438356
MAL,6856,open,angio,0,0.415212815,517,0.08937,Tropical,1.416438356
MAL,6857,closed,angio,0,0.349755659,368,0.26512,Tropical,1.008219178
MAL,6862,open,angio,0,0.439123655,368,0.32898,Tropical,1.008219178
MAL,6864,closed,angio,0,0.530815243,517,0.41636,Tropical,1.416438356
MAL,6865,open,angio,0,0.32936712,517,0.11623,Tropical,1.416438356
MAL,6866,closed,angio,0,0.428833512,368,0.37397,Tropical,1.008219178
MAL,6871,open,angio,0,0.453231613,368,0.29488,Tropical,1.008219178
MAL,6873,closed,angio,0,0.50280654,517,0.35842,Tropical,1.416438356
MAL,6874,open,angio,0,0.427624378,517,0.28777,Tropical,1.416438356
MAL,6875,closed,angio,0,0.455078368,368,0.38734,Tropical,1.008219178
MAL,6880,open,angio,0,0.410122347,368,0.35062,Tropical,1.008219178
NEP,5601,closed,angio,0,0.236910902,973,0.1645,Tropical,2.665753425
NEP,5602,closed,angio,0,0.189163931,973,0.02,Tropical,2.665753425
NEP,5603,closed,angio,0,0.202362866,973,0.137,Tropical,2.665753425
NEP,5613,open,angio,0,0.224165597,973,0.0183,Tropical,2.665753425
NEP,5615,open,angio,0,0.201415051,973,0.0738,Tropical,2.665753425
NEP,5616,closed,angio,0,0.220986467,973,0.1568,Tropical,2.665753425
NEP,5617,closed,angio,0,0.232697333,973,0.0687,Tropical,2.665753425
NEP,5618,closed,angio,0,0.19688079,973,0.0141,Tropical,2.665753425
NEP,5622,closed,angio,0,0.207150395,973,0.09079,Tropical,2.665753425
NEP,5623,closed,angio,0,0.199778292,973,0.1,Tropical,2.665753425
NEP,5624,closed,angio,0,0.207217654,973,0.1391,Tropical,2.665753425
NEP,5628,closed,angio,0,0.205014077,973,0.0223,Tropical,2.665753425
NEP,5629,closed,angio,0,0.231408464,973,0.0571,Tropical,2.665753425
NEP,5630,closed,angio,0,0.210996589,973,0.0976,Tropical,2.665753425
NEP,5640,open,angio,0,0.14200733,973,0.0244,Tropical,2.665753425
NEP,5641,open,angio,0,0.219408017,973,0.0313,Tropical,2.665753425
NEP,5642,closed,angio,0,0.154822631,973,0.0253,Tropical,2.665753425
NEP,5643,closed,angio,0,0.225073838,973,0.0225,Tropical,2.665753425
NEP,5644,closed,angio,0,0.148083923,973,0.0459,Tropical,2.665753425
NEP,5645,open,angio,0,0.16142653,973,0.045,Tropical,2.665753425
NEP,5649,closed,angio,0,0.171621639,973,0.0188,Tropical,2.665753425
NEP,5650,closed,angio,0,0.201044608,973,0.0174,Tropical,2.665753425
NEP,5655,closed,angio,0,0.160552498,973,0.0321,Tropical,2.665753425
NEP,5656,closed,angio,0,0.123920719,973,0.0833,Tropical,2.665753425
NEP,5667,open,angio,0,0.104857932,973,0.0328,Tropical,2.665753425
NEP,5668,open,angio,0,0.160377012,973,0.0294,Tropical,2.665753425
NEP,5669,closed,angio,0,0.127298596,973,0.0174,Tropical,2.665753425
NEP,5670,closed,angio,0,0.113123831,973,0.0682,Tropical,2.665753425
NEP,5675,closed,angio,0,0.152100954,973,0.065,Tropical,2.665753425
NEP,5676,closed,angio,0,0.119918643,973,0.0336,Tropical,2.665753425
PHI,4325,open,angio,0,0.266954135,387,0.03501,Tropical,1.060273973
PHI,4327,closed,angio,0,0.252714586,541,0.22997,Tropical,1.482191781
PHI,4328,closed,angio,0,0.266297204,387,0.13725,Tropical,1.060273973
PHI,4329,open,angio,0,0.260278256,387,0.25558,Tropical,1.060273973
PHI,4331,open,angio,0,0.304610138,541,0.04485,Tropical,1.482191781
PHI,4332,open,angio,0,0.232381577,541,0.0392,Tropical,1.482191781
PHI,4333,open,angio,0,0.230659913,541,0.25395,Tropical,1.482191781
PHI,4334,closed,angio,0,0.217863236,541,0.04001,Tropical,1.482191781
PHI,4335,closed,angio,0,0.188448197,541,0.08195,Tropical,1.482191781
PHI,4336,open,angio,0,0.245809712,387,0.1312,Tropical,1.060273973
PHI,4337,closed,angio,0,0.206868218,541,0.03152,Tropical,1.482191781
PHI,4341,closed,angio,0,0.280799917,387,0.19499,Tropical,1.060273973
PHI,4342,closed,angio,0,0.195267055,387,0.10528,Tropical,1.060273973
PHI,4343,open,angio,0,0.26718004,541,0.01795,Tropical,1.482191781
PHI,4344,open,angio,0,0.185909105,541,0.09566,Tropical,1.482191781
PHI,4346,closed,angio,0,0.200595856,541,0.09294,Tropical,1.482191781
PHI,4347,open,angio,0,0.201541744,387,0.2067,Tropical,1.060273973
PHI,4348,closed,angio,0,0.233419415,541,0.14285,Tropical,1.482191781
PHI,4350,open,angio,0,0.218385637,387,0,Tropical,1.060273973
PHI,4351,closed,angio,0,0.151261855,541,0.13829,Tropical,1.482191781
PHI,4352,open,angio,0,0.267528424,541,0.15393,Tropical,1.482191781
PHI,4356,open,angio,0,0.254909755,541,0.36121,Tropical,1.482191781
PHI,4357,open,angio,0,0.194247316,387,0.19568,Tropical,1.060273973
PHI,4358,closed,angio,0,0.162943807,541,0.03696,Tropical,1.482191781
PHI,4359,closed,angio,0,0.290587,541,0.17445,Tropical,1.482191781
PHI,4360,open,angio,0,0.219293971,541,0.1495,Tropical,1.482191781
PHI,4361,closed,angio,0,0.220001378,541,0.02781,Tropical,1.482191781
PHI,4362,open,angio,0,0.179708255,541,0.04648,Tropical,1.482191781
PHI,4367,closed,angio,0,0.248870135,541,0.14451,Tropical,1.482191781
PHI,4368,open,angio,0,0.217646298,541,0.09415,Tropical,1.482191781
PHI,4371,open,angio,0,0.219535457,541,0.171,Tropical,1.482191781
PHI,4372,closed,angio,0,0.189216098,387,0.11302,Tropical,1.060273973
PHI,4373,closed,angio,0,0.260676626,387,0.25691,Tropical,1.060273973
PHI,4375,open,angio,0,0.111846334,387,0,Tropical,1.060273973
PHI,4376,open,angio,0,0.230898765,387,0.12089,Tropical,1.060273973
PHI,4377,open,angio,0,0.305122211,541,0.12648,Tropical,1.482191781
PHI,4378,closed,angio,0,0.176826481,541,0.03773,Tropical,1.482191781
PHI,4379,open,angio,0,0.198858592,541,0.10342,Tropical,1.482191781
PHI,4380,closed,angio,0,0.215196269,541,0.08658,Tropical,1.482191781
PHI,4384,open,angio,0,0.194974696,541,0.05617,Tropical,1.482191781
PHI,4388,open,angio,0,0.25130177,387,0.09285,Tropical,1.060273973
PHI,4389,closed,angio,0,0.250761823,387,0.1168,Tropical,1.060273973
PHI,4390,closed,angio,0,0.15706792,541,0.05947,Tropical,1.482191781
PHI,4391,closed,angio,0,0.262016666,541,0.10365,Tropical,1.482191781
PHI,4392,closed,angio,0,0.253750483,541,0.19947,Tropical,1.482191781
PHI,4393,closed,angio,0,0.280141854,541,0.10409,Tropical,1.482191781
PHI,4396,closed,angio,0,0.234154774,387,0.15015,Tropical,1.060273973
PHI,4397,open,angio,0,0.150426012,541,0.0828,Tropical,1.482191781
PHI,4399,closed,angio,0,0.173116619,387,0.09971,Tropical,1.060273973
PHI,5431,closed,angio,0,0.224310989,387,0.14755,Tropical,1.060273973
PRI_Ceiba,3481,closed,angio,0,0.382487695,382,0.29765,Tropical,1.046575342
PRI_Ceiba,3482,closed,angio,0,0.309700768,382,0.21539,Tropical,1.046575342
PRI_Ceiba,3483,closed,angio,0,0.415289722,382,0.33101,Tropical,1.046575342
PRI_Ceiba,3484,closed,angio,0,0.239979807,747,0.10471,Tropical,2.046575342
PRI_Ceiba,3485,closed,angio,0,0.307432779,747,0.09549,Tropical,2.046575342
PRI_Ceiba,3486,closed,angio,0,0.251830036,747,0.04058,Tropical,2.046575342
PRI_Ceiba,3490,closed,angio,0,0.321680237,1112,0.20484,Tropical,3.046575342
PRI_Ceiba,3491,closed,angio,0,0.312189974,1112,0.16297,Tropical,3.046575342
PRI_Ceiba,3492,closed,angio,0,0.254876354,1112,0.12603,Tropical,3.046575342
PRI_Ceiba,3493,open,angio,0,0.255504168,382,0.09413,Tropical,1.046575342
PRI_Ceiba,3494,open,angio,0,0.33567061,382,0.20365,Tropical,1.046575342
PRI_Ceiba,3495,open,angio,0,0.355201116,382,0.18033,Tropical,1.046575342
PRI_Ceiba,3496,open,angio,0,0.261489693,747,0.0466,Tropical,2.046575342
PRI_Ceiba,3497,open,angio,0,0.294724348,747,0.01769,Tropical,2.046575342
PRI_Ceiba,3498,open,angio,0,0.274737782,747,0.00935,Tropical,2.046575342
PRI_Ceiba,3499,open,angio,0,0.324603009,1112,0.04218,Tropical,3.046575342
PRI_Ceiba,3500,open,angio,0,0.208242554,1112,0,Tropical,3.046575342
PRI_Ceiba,3501,open,angio,0,0.226429604,1112,0.07937,Tropical,3.046575342
PRI_Ceiba,3508,closed,angio,0,0.197580825,382,0.10978,Tropical,1.046575342
PRI_Ceiba,3509,closed,angio,0,0.18199663,382,0.10409,Tropical,1.046575342
PRI_Ceiba,3510,closed,angio,0,0.132383784,382,0.07059,Tropical,1.046575342
PRI_Ceiba,3511,closed,angio,0,0.125351815,747,0.02079,Tropical,2.046575342
PRI_Ceiba,3512,closed,angio,0,0.243429356,747,0.068,Tropical,2.046575342
PRI_Ceiba,3513,closed,angio,0,0.182783288,747,0.02475,Tropical,2.046575342
PRI_Ceiba,3517,closed,angio,0,0.258751182,1112,0.051237,Tropical,3.046575342
PRI_Ceiba,3518,closed,angio,0,0.213329773,1112,0.045956,Tropical,3.046575342
PRI_Ceiba,3519,closed,angio,0,0.227837339,1112,0.065144,Tropical,3.046575342
PRI_Ceiba,3520,open,angio,0,0.233729721,382,0.06997,Tropical,1.046575342
PRI_Ceiba,3521,open,angio,0,0.17206234,382,0.04901,Tropical,1.046575342
PRI_Ceiba,3522,open,angio,0,0.194947787,382,0.03734,Tropical,1.046575342
PRI_Ceiba,3523,open,angio,0,0.228603244,747,0.04699,Tropical,2.046575342
PRI_Ceiba,3524,open,angio,0,0.158352652,747,0.00699,Tropical,2.046575342
PRI_Ceiba,3525,open,angio,0,0.24446073,747,0.02224,Tropical,2.046575342
PRI_Ceiba,3526,open,angio,0,0.248407287,1112,0.04234,Tropical,3.046575342
PRI_Ceiba,3527,open,angio,0,0.199667666,1112,0.03431,Tropical,3.046575342
PRI_Ceiba,3528,open,angio,0,0.178504574,1112,0.01432,Tropical,3.046575342
PRI_Ceiba,3535,closed,angio,0,0.337023852,382,0.23713,Tropical,1.046575342
PRI_Ceiba,3536,closed,angio,0,0.250634701,382,0.16868,Tropical,1.046575342
PRI_Ceiba,3537,closed,angio,0,0.2883318,382,0.19767,Tropical,1.046575342
PRI_Ceiba,3538,closed,angio,0,0.298450955,747,0.15305,Tropical,2.046575342
PRI_Ceiba,3539,closed,angio,0,0.308637682,747,0.13754,Tropical,2.046575342
PRI_Ceiba,3540,closed,angio,0,0.273475759,747,0.12191,Tropical,2.046575342
PRI_Ceiba,3544,closed,angio,0,0.328834106,1112,0.146639,Tropical,3.046575342
PRI_Ceiba,3545,closed,angio,0,0.359076264,1112,0.114928,Tropical,3.046575342
PRI_Ceiba,3546,closed,angio,0,0.291215985,1112,0.148677,Tropical,3.046575342
PRI_Ceiba,3547,open,angio,0,0.348068,382,0.22984,Tropical,1.046575342
PRI_Ceiba,3548,open,angio,0,0.313666533,382,0.19885,Tropical,1.046575342
PRI_Ceiba,3549,open,angio,0,0.390166233,382,0.25183,Tropical,1.046575342
PRI_Ceiba,3550,open,angio,0,0.321331702,747,0.14747,Tropical,2.046575342
PRI_Ceiba,3551,open,angio,0,0.367588622,747,0.15589,Tropical,2.046575342
PRI_Ceiba,3552,open,angio,0,0.275589088,747,0.10027,Tropical,2.046575342
PRI_Ceiba,3553,open,angio,0,0.336346169,1112,0.13253,Tropical,3.046575342
PRI_Ceiba,3554,open,angio,0,0.314070127,1112,0.08592,Tropical,3.046575342
PRI_Ceiba,3555,open,angio,0,0.222004649,1112,0.04865,Tropical,3.046575342
PRI_Elverde,3400,closed,angio,0,0.220300561,377,0.1483,Tropical,1.032876712
PRI_Elverde,3401,closed,angio,0,0.192630082,377,0.13542,Tropical,1.032876712
PRI_Elverde,3402,closed,angio,0,0.160420343,377,0.11357,Tropical,1.032876712
PRI_Elverde,3403,open,angio,0,0.252287672,377,0.16265,Tropical,1.032876712
PRI_Elverde,3404,open,angio,0,0.262215576,377,0.18957,Tropical,1.032876712
PRI_Elverde,3405,open,angio,0,0.261346741,377,0.18883,Tropical,1.032876712
PRI_Elverde,3406,open,angio,0,0.230130252,1107,0.0068,Tropical,3.032876712
PRI_Elverde,3407,open,angio,0,0.15548301,1107,0.03218,Tropical,3.032876712
PRI_Elverde,3408,open,angio,0,0.208383599,1107,0.05657,Tropical,3.032876712
PRI_Elverde,3412,closed,angio,0,0.242039573,1107,0.16683,Tropical,3.032876712
PRI_Elverde,3413,closed,angio,0,0.235944244,1107,0.14746,Tropical,3.032876712
PRI_Elverde,3414,closed,angio,0,0.212339418,1107,0.1354,Tropical,3.032876712
PRI_Elverde,3415,open,angio,0,0.174929973,742,0.11593,Tropical,2.032876712
PRI_Elverde,3416,open,angio,0,0.266139671,742,0.11887,Tropical,2.032876712
PRI_Elverde,3417,open,angio,0,0.274295039,742,0.13078,Tropical,2.032876712
PRI_Elverde,3418,closed,angio,0,0.160089702,742,0.05979,Tropical,2.032876712
PRI_Elverde,3419,closed,angio,0,0.240184937,742,0.10769,Tropical,2.032876712
PRI_Elverde,3420,closed,angio,0,0.248704411,742,0.14087,Tropical,2.032876712
PRI_Elverde,3427,closed,angio,0,0.221019622,377,0.13915,Tropical,1.032876712
PRI_Elverde,3428,closed,angio,0,0.192596956,377,0.12129,Tropical,1.032876712
PRI_Elverde,3429,closed,angio,0,0.270222577,377,0.18246,Tropical,1.032876712
PRI_Elverde,3430,open,angio,0,0.18950185,377,0.10183,Tropical,1.032876712
PRI_Elverde,3431,open,angio,0,0.160029154,377,0.07963,Tropical,1.032876712
PRI_Elverde,3432,open,angio,0,0.230159281,377,0.13876,Tropical,1.032876712
PRI_Elverde,3433,open,angio,0,0.241748389,1107,0.14972,Tropical,3.032876712
PRI_Elverde,3434,open,angio,0,0.158271494,1107,0.05328,Tropical,3.032876712
PRI_Elverde,3435,open,angio,0,0.199286255,1107,0.1699,Tropical,3.032876712
PRI_Elverde,3439,closed,angio,0,0.17182438,1107,0.123549,Tropical,3.032876712
PRI_Elverde,3440,closed,angio,0,0.207327864,1107,0.01863,Tropical,3.032876712
PRI_Elverde,3441,closed,angio,0,0.228214051,1107,0.275879,Tropical,3.032876712
PRI_Elverde,3442,open,angio,0,0.137997167,742,0.03164,Tropical,2.032876712
PRI_Elverde,3443,open,angio,0,0.134586609,742,0.06647,Tropical,2.032876712
PRI_Elverde,3444,open,angio,0,0.126249596,742,0.05016,Tropical,2.032876712
PRI_Elverde,3445,closed,angio,0,0.137817464,742,0.0449,Tropical,2.032876712
PRI_Elverde,3446,closed,angio,0,0.214582405,742,0.12342,Tropical,2.032876712
PRI_Elverde,3447,closed,angio,0,0.193281718,742,0.06234,Tropical,2.032876712
PRI_Elverde,3454,closed,angio,0,0.359533198,377,0.21399,Tropical,1.032876712
PRI_Elverde,3455,closed,angio,0,0.31999031,377,0.20454,Tropical,1.032876712
PRI_Elverde,3456,closed,angio,0,0.184375366,377,0.13598,Tropical,1.032876712
PRI_Elverde,3457,open,angio,0,0.359163462,377,0.28834,Tropical,1.032876712
PRI_Elverde,3458,open,angio,0,0.230359954,377,0.14761,Tropical,1.032876712
PRI_Elverde,3459,open,angio,0,0.358210172,377,0.2578,Tropical,1.032876712
PRI_Elverde,3460,open,angio,0,0.293372357,1107,0.09662,Tropical,3.032876712
PRI_Elverde,3461,open,angio,0,0.170053054,1107,0.03615,Tropical,3.032876712
PRI_Elverde,3462,open,angio,0,0.368004137,1107,0.2083,Tropical,3.032876712
PRI_Elverde,3466,closed,angio,0,0.355884602,1107,0.26895,Tropical,3.032876712
PRI_Elverde,3467,closed,angio,0,0.392243882,1107,0.27263,Tropical,3.032876712
PRI_Elverde,3468,closed,angio,0,0.31289841,1107,0.17587,Tropical,3.032876712
PRI_Elverde,3469,open,angio,0,0.277689751,742,0.19764,Tropical,2.032876712
PRI_Elverde,3470,open,angio,0,0.372967541,742,0.19718,Tropical,2.032876712
PRI_Elverde,3471,open,angio,0,0.246261461,742,0.13361,Tropical,2.032876712
PRI_Elverde,3472,closed,angio,0,0.287295601,742,0.19699,Tropical,2.032876712
PRI_Elverde,3473,closed,angio,0,0.211546368,742,0.16089,Tropical,2.032876712
PRI_Elverde,3474,closed,angio,0,0.21716822,742,0.17019,Tropical,2.032876712
TAN_Kilimanjaro,1,closed,angio,0,0.097210314,363,0.07857,Tropical,0.994520548
TAN_Kilimanjaro,1,open,angio,0,0.151007861,1071,0.1362,Tropical,2.934246575
TAN_Kilimanjaro,6160,closed,angio,0,0.222972525,363,0.26372,Tropical,0.994520548
TAN_Kilimanjaro,6161,open,angio,0,0.3306735,723,0.20561,Tropical,1.980821918
TAN_Kilimanjaro,6162,open,angio,0,0.27205848,1071,0.21509,Tropical,2.934246575
TAN_Kilimanjaro,6164,closed,angio,0,0.211114595,1071,0.16294,Tropical,2.934246575
TAN_Kilimanjaro,6165,closed,angio,0,0.200608497,1071,0.14051,Tropical,2.934246575
TAN_Kilimanjaro,6167,closed,angio,0,0.21442679,723,0.20979,Tropical,1.980821918
TAN_Kilimanjaro,6168,open,angio,0,0.201102213,363,0.29161,Tropical,0.994520548
TAN_Kilimanjaro,6169,open,angio,0,0.287189684,363,0.36025,Tropical,0.994520548
TAN_Kilimanjaro,6170,open,angio,0,0.166695756,363,0.13908,Tropical,0.994520548
TAN_Kilimanjaro,6171,open,angio,0,0.225591071,1071,0.15176,Tropical,2.934246575
TAN_Kilimanjaro,6174,open,angio,0,0.18750719,723,0.14421,Tropical,1.980821918
TAN_Kilimanjaro,6176,closed,angio,0,0.209229885,723,0.12708,Tropical,1.980821918
TAN_Kilimanjaro,6177,closed,angio,0,0.331371859,723,0.23687,Tropical,1.980821918
TAN_Kilimanjaro,6178,closed,angio,0,0.224804815,723,0.15112,Tropical,1.980821918
TAN_Kilimanjaro,6179,closed,angio,0,0.255278997,363,0.20954,Tropical,0.994520548
TAN_Kilimanjaro,6180,closed,angio,0,0.169646611,363,0.18508,Tropical,0.994520548
TAN_Kilimanjaro,6181,open,angio,0,0.357392098,1071,0.29046,Tropical,2.934246575
TAN_Kilimanjaro,6182,open,angio,0,0.260545443,723,0.14752,Tropical,1.980821918
TAN_Kilimanjaro,6193,open,angio,0,0.208715339,1071,0.09902,Tropical,2.934246575
TAN_Kilimanjaro,6195,open,angio,0,0.252399902,363,0.18528,Tropical,0.994520548
TAN_Kilimanjaro,6196,closed,angio,0,0.153928521,723,0.19958,Tropical,1.980821918
TAN_Kilimanjaro,6197,open,angio,0,0.178646782,363,0.12808,Tropical,0.994520548
TAN_Kilimanjaro,6199,closed,angio,0,0.224698765,1071,0.11546,Tropical,2.934246575
TAN_Kilimanjaro,6200,open,angio,0,0.232001275,1071,0.09263,Tropical,2.934246575
TAN_Kilimanjaro,6201,closed,angio,0,0.152815266,363,0.2171,Tropical,0.994520548
TAN_Kilimanjaro,6205,closed,angio,0,0.205818803,1071,0.12319,Tropical,2.934246575
TAN_Kilimanjaro,6206,closed,angio,0,0.2068,1071,0.09608,Tropical,2.934246575
TAN_Kilimanjaro,6209,open,angio,0,0.231500274,723,0.12945,Tropical,1.980821918
TAN_Kilimanjaro,6211,closed,angio,0,0.157125545,723,0.19836,Tropical,1.980821918
TAN_Kilimanjaro,6215,open,angio,0,0.120881324,1071,0.03606,Tropical,2.934246575
TAN_Kilimanjaro,6216,open,angio,0,0.161976943,1071,0.12794,Tropical,2.934246575
TAN_Kilimanjaro,6221,open,angio,0,0.142568232,723,0.08761,Tropical,1.980821918
TAN_Kilimanjaro,6222,closed,angio,0,0.078779354,723,0.02889,Tropical,1.980821918
TAN_Kilimanjaro,6228,open,angio,0,0.134447701,363,0.10806,Tropical,0.994520548
TAN_Kilimanjaro,6231,closed,angio,0,0.112822446,1071,0.08115,Tropical,2.934246575
TAN_Kilimanjaro,6232,closed,angio,0,0.086134142,1071,0.02821,Tropical,2.934246575
TAN_Kilimanjaro,6235,open,angio,0,0.136895344,363,0.09657,Tropical,0.994520548
TAN_Kilimanjaro,6239,open,angio,0,0.14221685,723,0.06715,Tropical,1.980821918
TAN_Savanna,6240,open,angio,0,0.186470223,370,0.15514,Tropical,1.01369863
TAN_Savanna,6241,closed,angio,0,0.154725788,720,0.13708,Tropical,1.97260274
TAN_Savanna,6242,closed,angio,0,0.222065,370,0.1814,Tropical,1.01369863
TAN_Savanna,6243,open,angio,0,0.176761542,720,0.15417,Tropical,1.97260274
TAN_Savanna,6245,closed,angio,0,0.172216153,370,0.14312,Tropical,1.01369863
TAN_Savanna,6247,open,angio,0,0.117139835,720,0.10118,Tropical,1.97260274
TAN_Savanna,6248,open,angio,0,0.08811714,720,0.12836,Tropical,1.97260274
TAN_Savanna,6250,closed,angio,0,0.161214572,720,0.13854,Tropical,1.97260274
TAN_Savanna,6251,closed,angio,0,0.144135678,720,0.12229,Tropical,1.97260274
TAN_Savanna,6254,closed,angio,0,0.192347731,370,0.1556,Tropical,1.01369863
TAN_Savanna,6255,open,angio,0,0.176577111,720,0.13271,Tropical,1.97260274
TAN_Savanna,6256,open,angio,0,0.188820946,370,0.15205,Tropical,1.01369863
TAN_Savanna,6257,open,angio,0,0.133967176,720,0.11938,Tropical,1.97260274
TAN_Savanna,6259,open,angio,0,0.262290902,720,0.22588,Tropical,1.97260274
TAN_Savanna,6260,closed,angio,0,0.258219359,720,0.23544,Tropical,1.97260274
TAN_Savanna,6261,closed,angio,0,0.130154591,720,0.11252,Tropical,1.97260274
TAN_Savanna,6263,closed,angio,0,0.152719106,720,0.1353,Tropical,1.97260274
TAN_Savanna,6266,open,angio,0,0.092150048,370,0.08095,Tropical,1.01369863
TAN_Savanna,6267,closed,angio,0,0.113791395,370,0.15232,Tropical,1.01369863
TAN_Savanna,6274,open,angio,0,0.080291081,370,0.11855,Tropical,1.01369863
TAN_Savanna,6275,closed,angio,0,0.158060578,720,0.19439,Tropical,1.97260274
TAN_Savanna,6277,open,angio,0,0.127889141,720,0.13932,Tropical,1.97260274
TAN_Savanna,6280,open,angio,0,0.24019052,720,0.21315,Tropical,1.97260274
TAN_Savanna,6282,open,angio,0,0.099015298,720,0.10081,Tropical,1.97260274
TAN_Savanna,6283,open,angio,0,0.137207685,370,0.16198,Tropical,1.01369863
TAN_Savanna,6284,open,angio,0,0.114427864,720,0.1551,Tropical,1.97260274
TAN_Savanna,6285,open,angio,0,0.046510408,370,0.05379,Tropical,1.01369863
TAN_Savanna,6289,open,angio,0,0.062981892,720,0.08559,Tropical,1.97260274
TAN_Savanna,6291,closed,angio,0,0.124715454,720,0.15797,Tropical,1.97260274
TAN_Savanna,6294,open,angio,0,0.256547677,720,0.22514,Tropical,1.97260274
TAN_Savanna,6295,open,angio,0,0.255464904,720,0.22818,Tropical,1.97260274
TAN_Savanna,6296,open,angio,0,0.266884085,720,0.26639,Tropical,1.97260274
TAN_Savanna,6297,closed,angio,0,0.27145601,370,0.21932,Tropical,1.01369863
TAN_Savanna,6299,closed,angio,0,0.11815458,720,0.14041,Tropical,1.97260274
TAN_Savanna,6300,closed,angio,0,0.210409615,720,0.23617,Tropical,1.97260274
TAN_Savanna,6301,open,angio,0,0.274204205,720,0.23501,Tropical,1.97260274
TAN_Savanna,6302,closed,angio,0,0.300670009,370,0.22493,Tropical,1.01369863
TAN_Savanna,6304,open,angio,0,0.205010181,720,0.21321,Tropical,1.97260274
TAN_Savanna,6305,closed,angio,0,0.215962174,720,0.28826,Tropical,1.97260274
TAN_Savanna,6306,open,angio,0,0.150150556,720,0.15924,Tropical,1.97260274
TAN_Savanna,6310,closed,angio,0,0.104011725,370,0.10105,Tropical,1.01369863
TAN_Savanna,6311,open,angio,0,0.236595025,370,0.21693,Tropical,1.01369863
TAN_Savanna,6312,closed,angio,0,0.175529213,720,0.18819,Tropical,1.97260274
TAN_Savanna,6313,closed,angio,0,0.216136152,720,0.21663,Tropical,1.97260274
TAN_Savanna,6316,open,angio,0,0.263073984,370,0.19399,Tropical,1.01369863
TAN_Savanna,6317,closed,angio,0,0.263046979,720,0.26856,Tropical,1.97260274
TAN_Savanna,6319,open,angio,0,0.195418,370,0.19004,Tropical,1.01369863
USA_SC,1361,closed,angio,0,0.176671878,1089,0.0397,Tropical,2.983561644
USA_SC,1362,open,angio,0,0.256474939,733,0.084,Tropical,2.008219178
USA_SC,1363,open,angio,0,0.167717278,367,0.1134,Tropical,1.005479452
USA_SC,1365,closed,angio,0,0.179670389,367,0.1077,Tropical,1.005479452
USA_SC,1367,open,angio,0,0.270354492,1089,0.0602,Tropical,2.983561644
USA_SC,1369,closed,angio,0,0.241540722,733,0.1449,Tropical,2.008219178
USA_SC,1370,closed,angio,0,0.388464449,367,0.2718,Tropical,1.005479452
USA_SC,1371,open,angio,0,0.343123155,733,0.1331,Tropical,2.008219178
USA_SC,1372,open,angio,0,0.257526145,1089,0.0872,Tropical,2.983561644
USA_SC,1373,closed,angio,0,0.18464263,1089,0.0869,Tropical,2.983561644
USA_SC,1374,open,angio,0,0.232210374,367,0.1353,Tropical,1.005479452
USA_SC,1377,closed,angio,0,0.191356374,1089,0.0465,Tropical,2.983561644
USA_SC,1378,open,angio,0,0.247465111,1089,0.0632,Tropical,2.983561644
USA_SC,1379,closed,angio,0,0.273174151,367,0.1983,Tropical,1.005479452
USA_SC,1380,open,angio,0,0.234452198,733,0.1363,Tropical,2.008219178
USA_SC,1384,open,angio,0,0.229251326,367,0.1407,Tropical,1.005479452
USA_SC,1385,closed,angio,0,0.264468095,733,0.1321,Tropical,2.008219178
USA_SC,1386,open,gymno,0,0.168364816,733,0.0938,Tropical,2.008219178
USA_SC,1388,open,gymno,0,0.117865173,367,0.0866,Tropical,1.005479452
USA_SC,1389,closed,gymno,0,0.224310307,733,0.137,Tropical,2.008219178
USA_SC,1390,closed,gymno,0,0.162631816,1089,0.0716,Tropical,2.983561644
USA_SC,1391,closed,gymno,0,0.23656601,367,0.1733,Tropical,1.005479452
USA_SC,1392,open,gymno,0,0.197467171,1089,0.0854,Tropical,2.983561644
USA_SC,1396,open,gymno,0,0.177414513,367,0.1189,Tropical,1.005479452
USA_SC,1397,open,gymno,0,0.189399821,1089,0.1057,Tropical,2.983561644
USA_SC,1398,open,gymno,0,0.241616439,733,0.1498,Tropical,2.008219178
USA_SC,1400,closed,gymno,0,0.153571532,1089,0.0693,Tropical,2.983561644
USA_SC,1401,closed,gymno,0,0.248703353,367,0.1739,Tropical,1.005479452
USA_SC,1402,closed,gymno,0,0.133060539,733,0.0918,Tropical,2.008219178
USA_SC,1404,closed,gymno,0,0.13074057,367,0.0894,Tropical,1.005479452
USA_SC,1405,open,gymno,0,0.184982864,733,0.1002,Tropical,2.008219178
USA_SC,1406,closed,gymno,0,0.151127866,733,0.0863,Tropical,2.008219178
USA_SC,1407,open,gymno,0,0.194508662,1089,0.0935,Tropical,2.983561644
USA_SC,1410,open,gymno,0,0.11732915,367,0.088,Tropical,1.005479452
USA_SC,1411,closed,gymno,0,0.13165448,1089,0.0555,Tropical,2.983561644
USA_SC,1413,open,angio,0,0.238583784,1089,0.0709,Tropical,2.983561644
USA_SC,1414,closed,angio,0,0.224112711,733,0.0473,Tropical,2.008219178
USA_SC,1415,closed,angio,0,0.262882283,367,0.1404,Tropical,1.005479452
USA_SC,1416,open,angio,0,0.248879744,733,0.063,Tropical,2.008219178
USA_SC,1417,open,angio,0,0.238629973,367,0.1119,Tropical,1.005479452
USA_SC,1421,closed,angio,0,0.189438872,1089,0.0184,Tropical,2.983561644
USA_SC,1422,open,angio,0,0.296668534,367,0.1477,Tropical,1.005479452
USA_SC,1423,open,angio,0,0.162728003,733,0.049,Tropical,2.008219178
USA_SC,1424,open,angio,0,0.17167524,1089,0.0337,Tropical,2.983561644
USA_SC,1425,closed,angio,0,0.218526299,367,0.1295,Tropical,1.005479452
USA_SC,1426,closed,angio,0,0.217752728,1089,0.0394,Tropical,2.983561644
USA_SC,1427,closed,angio,0,0.210918367,733,0.1111,Tropical,2.008219178
USA_SC,1431,open,angio,0,0.211441444,367,0.1036,Tropical,1.005479452
USA_SC,1432,open,angio,0,0.171224571,1089,0.0338,Tropical,2.983561644
USA_SC,1433,closed,angio,0,0.133230109,1089,0.0334,Tropical,2.983561644
USA_SC,1434,closed,angio,0,0.179137869,733,0.0376,Tropical,2.008219178
USA_SC,1435,closed,angio,0,0.141474839,367,0.0636,Tropical,1.005479452
USA_SC,1437,open,angio,0,0.136364149,733,0.0543,Tropical,2.008219178
USA_SC,3073,closed,angio,0,0.289745614,733,0.178,Tropical,2.008219178
